strategy,time_min,time_h,timestamp,soc_before_percent,soc_after_percent,battery_protection_before,battery_protection_after,shortwave_radiation_wm2,cloud_cover_percent,precipitation_probability_percent,weather_index,local_irradiance_wm2,pv_raw_power_w,pv_delivered_power_w,demand_index,demand_requested_outputs,p_net_predecision_w,raw_mode,centroid,requested_mode,applied_mode,active_outputs,final_station_load_w,battery_requested_power_w,pv_curtailed_wh_step,blocked_reasons,stabilization_reason
threshold,0,0.0,2026-01-01T00:00:00Z,80.0,79.98781676413255,NORMAL,NORMAL,0.0,45.0,25.0,0.16787878787878788,0.0,0.0,0.0,0.2,0,-5.0,M2,nan,M1,M1,0,5.0,-5.0,0.0,poor_tracking_condition,initialized_from_first_valid_decision
threshold,5,0.08333333333333333,2026-01-01T00:05:00Z,79.98781676413255,79.9756335282651,NORMAL,NORMAL,0.0,45.0,25.0,0.16787878787878788,0.0,0.0,0.0,0.2,0,-5.0,M2,nan,M1,M1,0,5.0,-5.0,0.0,poor_tracking_condition,requested_mode_matches_applied_mode
threshold,10,0.16666666666666666,2026-01-01T00:10:00Z,79.9756335282651,79.96345029239765,NORMAL,NORMAL,0.0,45.0,25.0,0.16787878787878788,0.0,0.0,0.0,0.2,0,-5.0,M2,nan,M1,M1,0,5.0,-5.0,0.0,poor_tracking_condition,requested_mode_matches_applied_mode
threshold,15,0.25,2026-01-01T00:15:00Z,79.96345029239765,79.95126705653021,NORMAL,NORMAL,0.0,45.0,25.0,0.16787878787878788,0.0,0.0,0.0,0.2,0,-5.0,M2,nan,M1,M1,0,5.0,-5.0,0.0,poor_tracking_condition,requested_mode_matches_applied_mode
threshold,20,0.3333333333333333,2026-01-01T00:20:00Z,79.95126705653021,79.93908382066276,NORMAL,NORMAL,0.0,45.0,25.0,0.16787878787878788,0.0,0.0,0.0,0.2,0,-5.0,M2,nan,M1,M1,0,5.0,-5.0,0.0,poor_tracking_condition,requested_mode_matches_applied_mode
threshold,25,0.4166666666666667,2026-01-01T00:25:00Z,79.93908382066276,79.92690058479532,NORMAL,NORMAL,0.0,45.0,25.0,0.16787878787878788,0.0,0.0,0.0,0.2,0,-5.0,M2,nan,M1,M1,0,5.0,-5.0,0.0,poor_tracking_condition,requested_mode_matches_applied_mode
threshold,30,0.5,2026-01-01T00:30:00Z,79.92690058479532,79.91471734892787,NORMAL,NORMAL,0.0,45.0,25.0,0.16787878787878788,0.0,0.0,0.0,0.2,0,-5.0,M2,nan,M1,M1,0,5.0,-5.0,0.0,poor_tracking_condition,requested_mode_matches_applied_mode
threshold,35,0.5833333333333334,2026-01-01T00:35:00Z,79.91471734892787,79.90253411306043,NORMAL,NORMAL,0.0,45.0,25.0,0.16787878787878788,0.0,0.0,0.0,0.2,0,-5.0,M2,nan,M1,M1,0,5.0,-5.0,0.0,poor_tracking_condition,requested_mode_matches_applied_mode
threshold,40,0.6666666666666666,2026-01-01T00:40:00Z,79.90253411306043,79.89035087719299,NORMAL,NORMAL,0.0,45.0,25.0,0.16787878787878788,0.0,0.0,0.0,0.2,0,-5.0,M2,nan,M1,M1,0,5.0,-5.0,0.0,poor_tracking_condition,requested_mode_matches_applied_mode
threshold,45,0.75,2026-01-01T00:45:00Z,79.89035087719299,79.87816764132555,NORMAL,NORMAL,0.0,45.0,25.0,0.16787878787878788,0.0,0.0,0.0,0.2,0,-5.0,M2,nan,M1,M1,0,5.0,-5.0,0.0,poor_tracking_condition,requested_mode_matches_applied_mode
threshold,50,0.8333333333333334,2026-01-01T00:50:00Z,79.87816764132555,79.8659844054581,NORMAL,NORMAL,0.0,45.0,25.0,0.16787878787878788,0.0,0.0,0.0,0.2,0,-5.0,M2,nan,M1,M1,0,5.0,-5.0,0.0,poor_tracking_condition,requested_mode_matches_applied_mode
threshold,55,0.9166666666666666,2026-01-01T00:55:00Z,79.8659844054581,79.85380116959065,NORMAL,NORMAL,0.0,45.0,25.0,0.16787878787878788,0.0,0.0,0.0,0.2,0,-5.0,M2,nan,M1,M1,0,5.0,-5.0,0.0,poor_tracking_condition,requested_mode_matches_applied_mode
threshold,60,1.0,2026-01-01T01:00:00Z,79.85380116959065,79.8416179337232,NORMAL,NORMAL,0.0,45.0,25.0,0.16787878787878788,0.0,0.0,0.0,0.2,0,-5.0,M2,nan,M1,M1,0,5.0,-5.0,0.0,poor_tracking_condition,requested_mode_matches_applied_mode
threshold,65,1.0833333333333333,2026-01-01T01:05:00Z,79.8416179337232,79.82943469785576,NORMAL,NORMAL,0.0,45.0,25.0,0.16787878787878788,0.0,0.0,0.0,0.2,0,-5.0,M2,nan,M1,M1,0,5.0,-5.0,0.0,poor_tracking_condition,requested_mode_matches_applied_mode
threshold,70,1.1666666666666667,2026-01-01T01:10:00Z,79.82943469785576,79.8172514619883,NORMAL,NORMAL,0.0,45.0,25.0,0.16787878787878788,0.0,0.0,0.0,0.2,0,-5.0,M2,nan,M1,M1,0,5.0,-5.0,0.0,poor_tracking_condition,requested_mode_matches_applied_mode
threshold,75,1.25,2026-01-01T01:15:00Z,79.8172514619883,79.80506822612087,NORMAL,NORMAL,0.0,45.0,25.0,0.16787878787878788,0.0,0.0,0.0,0.2,0,-5.0,M2,nan,M1,M1,0,5.0,-5.0,0.0,poor_tracking_condition,requested_mode_matches_applied_mode
threshold,80,1.3333333333333333,2026-01-01T01:20:00Z,79.80506822612087,79.79288499025341,NORMAL,NORMAL,0.0,45.0,25.0,0.16787878787878788,0.0,0.0,0.0,0.2,0,-5.0,M2,nan,M1,M1,0,5.0,-5.0,0.0,poor_tracking_condition,requested_mode_matches_applied_mode
threshold,85,1.4166666666666667,2026-01-01T01:25:00Z,79.79288499025341,79.78070175438597,NORMAL,NORMAL,0.0,45.0,25.0,0.16787878787878788,0.0,0.0,0.0,0.2,0,-5.0,M2,nan,M1,M1,0,5.0,-5.0,0.0,poor_tracking_condition,requested_mode_matches_applied_mode
threshold,90,1.5,2026-01-01T01:30:00Z,79.78070175438597,79.76851851851852,NORMAL,NORMAL,0.0,45.0,25.0,0.16787878787878788,0.0,0.0,0.0,0.2,0,-5.0,M2,nan,M1,M1,0,5.0,-5.0,0.0,poor_tracking_condition,requested_mode_matches_applied_mode
threshold,95,1.5833333333333333,2026-01-01T01:35:00Z,79.76851851851852,79.75633528265108,NORMAL,NORMAL,0.0,45.0,25.0,0.16787878787878788,0.0,0.0,0.0,0.2,0,-5.0,M2,nan,M1,M1,0,5.0,-5.0,0.0,poor_tracking_condition,requested_mode_matches_applied_mode
threshold,100,1.6666666666666667,2026-01-01T01:40:00Z,79.75633528265108,79.74415204678363,NORMAL,NORMAL,0.0,45.0,25.0,0.16787878787878788,0.0,0.0,0.0,0.2,0,-5.0,M2,nan,M1,M1,0,5.0,-5.0,0.0,poor_tracking_condition,requested_mode_matches_applied_mode
threshold,105,1.75,2026-01-01T01:45:00Z,79.74415204678363,79.73196881091619,NORMAL,NORMAL,0.0,45.0,25.0,0.16787878787878788,0.0,0.0,0.0,0.2,0,-5.0,M2,nan,M1,M1,0,5.0,-5.0,0.0,poor_tracking_condition,requested_mode_matches_applied_mode
threshold,110,1.8333333333333333,2026-01-01T01:50:00Z,79.73196881091619,79.71978557504873,NORMAL,NORMAL,0.0,45.0,25.0,0.16787878787878788,0.0,0.0,0.0,0.2,0,-5.0,M2,nan,M1,M1,0,5.0,-5.0,0.0,poor_tracking_condition,requested_mode_matches_applied_mode
threshold,115,1.9166666666666667,2026-01-01T01:55:00Z,79.71978557504873,79.7076023391813,NORMAL,NORMAL,0.0,45.0,25.0,0.16787878787878788,0.0,0.0,0.0,0.2,0,-5.0,M2,nan,M1,M1,0,5.0,-5.0,0.0,poor_tracking_condition,requested_mode_matches_applied_mode
threshold,120,2.0,2026-01-01T02:00:00Z,79.7076023391813,79.69541910331385,NORMAL,NORMAL,0.0,45.0,25.0,0.16787878787878788,0.0,0.0,0.0,0.2,0,-5.0,M2,nan,M1,M1,0,5.0,-5.0,0.0,poor_tracking_condition,requested_mode_matches_applied_mode
threshold,125,2.0833333333333335,2026-01-01T02:05:00Z,79.69541910331385,79.68323586744641,NORMAL,NORMAL,0.0,45.0,25.0,0.16787878787878788,0.0,0.0,0.0,0.2,0,-5.0,M2,nan,M1,M1,0,5.0,-5.0,0.0,poor_tracking_condition,requested_mode_matches_applied_mode
threshold,130,2.1666666666666665,2026-01-01T02:10:00Z,79.68323586744641,79.67105263157896,NORMAL,NORMAL,0.0,45.0,25.0,0.16787878787878788,0.0,0.0,0.0,0.2,0,-5.0,M2,nan,M1,M1,0,5.0,-5.0,0.0,poor_tracking_condition,requested_mode_matches_applied_mode
threshold,135,2.25,2026-01-01T02:15:00Z,79.67105263157896,79.65886939571152,NORMAL,NORMAL,0.0,45.0,25.0,0.16787878787878788,0.0,0.0,0.0,0.2,0,-5.0,M2,nan,M1,M1,0,5.0,-5.0,0.0,poor_tracking_condition,requested_mode_matches_applied_mode
threshold,140,2.3333333333333335,2026-01-01T02:20:00Z,79.65886939571152,79.64668615984407,NORMAL,NORMAL,0.0,45.0,25.0,0.16787878787878788,0.0,0.0,0.0,0.2,0,-5.0,M2,nan,M1,M1,0,5.0,-5.0,0.0,poor_tracking_condition,requested_mode_matches_applied_mode
threshold,145,2.4166666666666665,2026-01-01T02:25:00Z,79.64668615984407,79.63450292397663,NORMAL,NORMAL,0.0,45.0,25.0,0.16787878787878788,0.0,0.0,0.0,0.2,0,-5.0,M2,nan,M1,M1,0,5.0,-5.0,0.0,poor_tracking_condition,requested_mode_matches_applied_mode
threshold,150,2.5,2026-01-01T02:30:00Z,79.63450292397663,79.62231968810917,NORMAL,NORMAL,0.0,45.0,25.0,0.16787878787878788,0.0,0.0,0.0,0.2,0,-5.0,M2,nan,M1,M1,0,5.0,-5.0,0.0,poor_tracking_condition,requested_mode_matches_applied_mode
threshold,155,2.5833333333333335,2026-01-01T02:35:00Z,79.62231968810917,79.61013645224173,NORMAL,NORMAL,0.0,45.0,25.0,0.16787878787878788,0.0,0.0,0.0,0.2,0,-5.0,M2,nan,M1,M1,0,5.0,-5.0,0.0,poor_tracking_condition,requested_mode_matches_applied_mode
threshold,160,2.6666666666666665,2026-01-01T02:40:00Z,79.61013645224173,79.59795321637428,NORMAL,NORMAL,0.0,45.0,25.0,0.16787878787878788,0.0,0.0,0.0,0.2,0,-5.0,M2,nan,M1,M1,0,5.0,-5.0,0.0,poor_tracking_condition,requested_mode_matches_applied_mode
threshold,165,2.75,2026-01-01T02:45:00Z,79.59795321637428,79.58576998050684,NORMAL,NORMAL,0.0,45.0,25.0,0.16787878787878788,0.0,0.0,0.0,0.2,0,-5.0,M2,nan,M1,M1,0,5.0,-5.0,0.0,poor_tracking_condition,requested_mode_matches_applied_mode
threshold,170,2.8333333333333335,2026-01-01T02:50:00Z,79.58576998050684,79.57358674463939,NORMAL,NORMAL,0.0,45.0,25.0,0.16787878787878788,0.0,0.0,0.0,0.2,0,-5.0,M2,nan,M1,M1,0,5.0,-5.0,0.0,poor_tracking_condition,requested_mode_matches_applied_mode
threshold,175,2.9166666666666665,2026-01-01T02:55:00Z,79.57358674463939,79.56140350877195,NORMAL,NORMAL,0.0,45.0,25.0,0.16787878787878788,0.0,0.0,0.0,0.2,0,-5.0,M2,nan,M1,M1,0,5.0,-5.0,0.0,poor_tracking_condition,requested_mode_matches_applied_mode
threshold,180,3.0,2026-01-01T03:00:00Z,79.56140350877195,79.54922027290449,NORMAL,NORMAL,0.0,45.0,25.0,0.16787878787878788,0.0,0.0,0.0,0.2,0,-5.0,M2,nan,M1,M1,0,5.0,-5.0,0.0,poor_tracking_condition,requested_mode_matches_applied_mode
threshold,185,3.0833333333333335,2026-01-01T03:05:00Z,79.54922027290449,79.53703703703705,NORMAL,NORMAL,0.0,45.0,25.0,0.16787878787878788,0.0,0.0,0.0,0.2,0,-5.0,M2,nan,M1,M1,0,5.0,-5.0,0.0,poor_tracking_condition,requested_mode_matches_applied_mode
threshold,190,3.1666666666666665,2026-01-01T03:10:00Z,79.53703703703705,79.5248538011696,NORMAL,NORMAL,0.0,45.0,25.0,0.16787878787878788,0.0,0.0,0.0,0.2,0,-5.0,M2,nan,M1,M1,0,5.0,-5.0,0.0,poor_tracking_condition,requested_mode_matches_applied_mode
threshold,195,3.25,2026-01-01T03:15:00Z,79.5248538011696,79.51267056530216,NORMAL,NORMAL,0.0,45.0,25.0,0.16787878787878788,0.0,0.0,0.0,0.2,0,-5.0,M2,nan,M1,M1,0,5.0,-5.0,0.0,poor_tracking_condition,requested_mode_matches_applied_mode
threshold,200,3.3333333333333335,2026-01-01T03:20:00Z,79.51267056530216,79.50048732943472,NORMAL,NORMAL,0.0,45.0,25.0,0.16787878787878788,0.0,0.0,0.0,0.2,0,-5.0,M2,nan,M1,M1,0,5.0,-5.0,0.0,poor_tracking_condition,requested_mode_matches_applied_mode
threshold,205,3.4166666666666665,2026-01-01T03:25:00Z,79.50048732943472,79.48830409356728,NORMAL,NORMAL,0.0,45.0,25.0,0.16787878787878788,0.0,0.0,0.0,0.2,0,-5.0,M2,nan,M1,M1,0,5.0,-5.0,0.0,poor_tracking_condition,requested_mode_matches_applied_mode
threshold,210,3.5,2026-01-01T03:30:00Z,79.48830409356728,79.47612085769983,NORMAL,NORMAL,0.0,45.0,25.0,0.16787878787878788,0.0,0.0,0.0,0.2,0,-5.0,M2,nan,M1,M1,0,5.0,-5.0,0.0,poor_tracking_condition,requested_mode_matches_applied_mode
threshold,215,3.5833333333333335,2026-01-01T03:35:00Z,79.47612085769983,79.46393762183239,NORMAL,NORMAL,0.0,45.0,25.0,0.16787878787878788,0.0,0.0,0.0,0.2,0,-5.0,M2,nan,M1,M1,0,5.0,-5.0,0.0,poor_tracking_condition,requested_mode_matches_applied_mode
threshold,220,3.6666666666666665,2026-01-01T03:40:00Z,79.46393762183239,79.45175438596493,NORMAL,NORMAL,0.0,45.0,25.0,0.16787878787878788,0.0,0.0,0.0,0.2,0,-5.0,M2,nan,M1,M1,0,5.0,-5.0,0.0,poor_tracking_condition,requested_mode_matches_applied_mode
threshold,225,3.75,2026-01-01T03:45:00Z,79.45175438596493,79.43957115009749,NORMAL,NORMAL,0.0,45.0,25.0,0.16787878787878788,0.0,0.0,0.0,0.2,0,-5.0,M2,nan,M1,M1,0,5.0,-5.0,0.0,poor_tracking_condition,requested_mode_matches_applied_mode
threshold,230,3.8333333333333335,2026-01-01T03:50:00Z,79.43957115009749,79.42738791423004,NORMAL,NORMAL,0.0,45.0,25.0,0.16787878787878788,0.0,0.0,0.0,0.2,0,-5.0,M2,nan,M1,M1,0,5.0,-5.0,0.0,poor_tracking_condition,requested_mode_matches_applied_mode
threshold,235,3.9166666666666665,2026-01-01T03:55:00Z,79.42738791423004,79.4152046783626,NORMAL,NORMAL,0.0,45.0,25.0,0.16787878787878788,0.0,0.0,0.0,0.2,0,-5.0,M2,nan,M1,M1,0,5.0,-5.0,0.0,poor_tracking_condition,requested_mode_matches_applied_mode
threshold,240,4.0,2026-01-01T04:00:00Z,79.4152046783626,79.40302144249515,NORMAL,NORMAL,0.0,45.0,25.0,0.16787878787878788,0.0,0.0,0.0,0.2,0,-5.0,M2,nan,M1,M1,0,5.0,-5.0,0.0,poor_tracking_condition,requested_mode_matches_applied_mode
threshold,245,4.083333333333333,2026-01-01T04:05:00Z,79.40302144249515,79.3908382066277,NORMAL,NORMAL,0.0,45.0,25.0,0.16787878787878788,0.0,0.0,0.0,0.2,0,-5.0,M2,nan,M1,M1,0,5.0,-5.0,0.0,poor_tracking_condition,requested_mode_matches_applied_mode
threshold,250,4.166666666666667,2026-01-01T04:10:00Z,79.3908382066277,79.37865497076025,NORMAL,NORMAL,0.0,45.0,25.0,0.16787878787878788,0.0,0.0,0.0,0.2,0,-5.0,M2,nan,M1,M1,0,5.0,-5.0,0.0,poor_tracking_condition,requested_mode_matches_applied_mode
threshold,255,4.25,2026-01-01T04:15:00Z,79.37865497076025,79.36647173489281,NORMAL,NORMAL,0.0,45.0,25.0,0.16787878787878788,0.0,0.0,0.0,0.2,0,-5.0,M2,nan,M1,M1,0,5.0,-5.0,0.0,poor_tracking_condition,requested_mode_matches_applied_mode
threshold,260,4.333333333333333,2026-01-01T04:20:00Z,79.36647173489281,79.35428849902536,NORMAL,NORMAL,0.0,45.0,25.0,0.16787878787878788,0.0,0.0,0.0,0.2,0,-5.0,M2,nan,M1,M1,0,5.0,-5.0,0.0,poor_tracking_condition,requested_mode_matches_applied_mode
threshold,265,4.416666666666667,2026-01-01T04:25:00Z,79.35428849902536,79.34210526315792,NORMAL,NORMAL,0.0,45.0,25.0,0.16787878787878788,0.0,0.0,0.0,0.2,0,-5.0,M2,nan,M1,M1,0,5.0,-5.0,0.0,poor_tracking_condition,requested_mode_matches_applied_mode
threshold,270,4.5,2026-01-01T04:30:00Z,79.34210526315792,79.32992202729046,NORMAL,NORMAL,0.0,45.0,25.0,0.16787878787878788,0.0,0.0,0.0,0.2,0,-5.0,M2,nan,M1,M1,0,5.0,-5.0,0.0,poor_tracking_condition,requested_mode_matches_applied_mode
threshold,275,4.583333333333333,2026-01-01T04:35:00Z,79.32992202729046,79.31773879142304,NORMAL,NORMAL,0.0,45.0,25.0,0.16787878787878788,0.0,0.0,0.0,0.2,0,-5.0,M2,nan,M1,M1,0,5.0,-5.0,0.0,poor_tracking_condition,requested_mode_matches_applied_mode
threshold,280,4.666666666666667,2026-01-01T04:40:00Z,79.31773879142304,79.30555555555559,NORMAL,NORMAL,0.0,45.0,25.0,0.16787878787878788,0.0,0.0,0.0,0.2,0,-5.0,M2,nan,M1,M1,0,5.0,-5.0,0.0,poor_tracking_condition,requested_mode_matches_applied_mode
threshold,285,4.75,2026-01-01T04:45:00Z,79.30555555555559,79.29337231968815,NORMAL,NORMAL,0.0,45.0,25.0,0.16787878787878788,0.0,0.0,0.0,0.2,0,-5.0,M2,nan,M1,M1,0,5.0,-5.0,0.0,poor_tracking_condition,requested_mode_matches_applied_mode
threshold,290,4.833333333333333,2026-01-01T04:50:00Z,79.29337231968815,79.28118908382069,NORMAL,NORMAL,0.0,45.0,25.0,0.16787878787878788,0.0,0.0,0.0,0.2,0,-5.0,M2,nan,M1,M1,0,5.0,-5.0,0.0,poor_tracking_condition,requested_mode_matches_applied_mode
threshold,295,4.916666666666667,2026-01-01T04:55:00Z,79.28118908382069,79.26900584795325,NORMAL,NORMAL,0.0,45.0,25.0,0.16787878787878788,0.0,0.0,0.0,0.2,0,-5.0,M2,nan,M1,M1,0,5.0,-5.0,0.0,poor_tracking_condition,requested_mode_matches_applied_mode
threshold,300,5.0,2026-01-01T05:00:00Z,79.26900584795325,79.2568226120858,NORMAL,NORMAL,0.0,45.0,25.0,0.16787878787878788,0.0,0.0,0.0,0.2,0,-5.0,M2,nan,M1,M1,0,5.0,-5.0,0.0,poor_tracking_condition,requested_mode_matches_applied_mode
threshold,305,5.083333333333333,2026-01-01T05:05:00Z,79.2568226120858,79.24463937621836,NORMAL,NORMAL,0.0,45.0,25.0,0.16787878787878788,0.0,0.0,0.0,0.2,0,-5.0,M2,nan,M1,M1,0,5.0,-5.0,0.0,poor_tracking_condition,requested_mode_matches_applied_mode
threshold,310,5.166666666666667,2026-01-01T05:10:00Z,79.24463937621836,79.2324561403509,NORMAL,NORMAL,0.0,45.0,25.0,0.16787878787878788,0.0,0.0,0.0,0.2,0,-5.0,M2,nan,M1,M1,0,5.0,-5.0,0.0,poor_tracking_condition,requested_mode_matches_applied_mode
threshold,315,5.25,2026-01-01T05:15:00Z,79.2324561403509,79.22027290448347,NORMAL,NORMAL,0.0,45.0,25.0,0.16787878787878788,0.0,0.0,0.0,0.2,0,-5.0,M2,nan,M1,M1,0,5.0,-5.0,0.0,poor_tracking_condition,requested_mode_matches_applied_mode
threshold,320,5.333333333333333,2026-01-01T05:20:00Z,79.22027290448347,79.20808966861601,NORMAL,NORMAL,0.0,45.0,25.0,0.16787878787878788,0.0,0.0,0.0,0.2,0,-5.0,M2,nan,M1,M1,0,5.0,-5.0,0.0,poor_tracking_condition,requested_mode_matches_applied_mode
threshold,325,5.416666666666667,2026-01-01T05:25:00Z,79.20808966861601,79.19590643274857,NORMAL,NORMAL,0.0,45.0,25.0,0.16787878787878788,0.0,0.0,0.0,0.2,0,-5.0,M2,nan,M1,M1,0,5.0,-5.0,0.0,poor_tracking_condition,requested_mode_matches_applied_mode
threshold,330,5.5,2026-01-01T05:30:00Z,79.19590643274857,79.18372319688112,NORMAL,NORMAL,0.0,45.0,25.0,0.16787878787878788,0.0,0.0,0.0,0.7,2,-5.0,M4,nan,M4,M1,0,5.0,-5.0,0.0,poor_tracking_condition,new_candidate_started
threshold,335,5.583333333333333,2026-01-01T05:35:00Z,79.18372319688112,79.17153996101366,NORMAL,NORMAL,0.0,45.0,25.0,0.16787878787878788,0.0,0.0,0.0,0.7,2,-5.0,M4,nan,M4,M1,0,5.0,-5.0,0.0,poor_tracking_condition,waiting_for_candidate_confirmation
threshold,340,5.666666666666667,2026-01-01T05:40:00Z,79.17153996101366,78.76617047669681,NORMAL,NORMAL,0.0,45.0,25.0,0.16787878787878788,0.0,0.0,0.0,0.7,2,-5.0,M4,nan,M4,M4,2,166.36363636363637,-166.36363636363637,0.0,poor_tracking_condition,candidate_confirmed_and_dwell_satisfied
threshold,345,5.75,2026-01-01T05:45:00Z,78.76617047669681,78.36080099237995,NORMAL,NORMAL,0.0,45.0,25.0,0.16787878787878788,0.0,0.0,0.0,0.7,2,-166.36363636363637,M4,nan,M4,M4,2,166.36363636363637,-166.36363636363637,0.0,poor_tracking_condition,requested_mode_matches_applied_mode
threshold,350,5.833333333333333,2026-01-01T05:50:00Z,78.36080099237995,77.95543150806311,NORMAL,NORMAL,0.0,45.0,25.0,0.16787878787878788,0.0,0.0,0.0,0.7,2,-166.36363636363637,M4,nan,M4,M4,2,166.36363636363637,-166.36363636363637,0.0,poor_tracking_condition,requested_mode_matches_applied_mode
threshold,355,5.916666666666667,2026-01-01T05:55:00Z,77.95543150806311,77.55006202374625,NORMAL,NORMAL,0.0,45.0,25.0,0.16787878787878788,0.0,0.0,0.0,0.7,2,-166.36363636363637,M4,nan,M4,M4,2,166.36363636363637,-166.36363636363637,0.0,poor_tracking_condition,requested_mode_matches_applied_mode
threshold,360,6.0,2026-01-01T06:00:00Z,77.55006202374625,77.1446925394294,NORMAL,NORMAL,0.0,45.0,25.0,0.16787878787878788,0.0,0.0,0.0,0.7,2,-166.36363636363637,M4,nan,M4,M4,2,166.36363636363637,-166.36363636363637,0.0,poor_tracking_condition,requested_mode_matches_applied_mode
threshold,365,6.083333333333333,2026-01-01T06:05:00Z,77.1446925394294,76.74552682630427,NORMAL,NORMAL,9.643332015559583,45.0,25.0,0.16787878787878788,6.388707460308224,2.828919663424481,2.546027697082033,0.7,2,-163.81760866655435,M4,nan,M4,M4,2,166.36363636363637,-163.81760866655435,0.0,poor_tracking_condition,requested_mode_matches_applied_mode
threshold,370,6.166666666666667,2026-01-01T06:10:00Z,76.74552682630427,76.35440579555211,NORMAL,NORMAL,22.148232774304606,45.0,25.0,0.16787878787878788,14.6732042129768,6.4972948255061285,5.847565342955516,0.7,2,-160.51607102068087,M4,nan,M4,M4,2,166.36363636363637,-160.51607102068087,0.0,poor_tracking_condition,requested_mode_matches_applied_mode
threshold,375,6.25,2026-01-01T06:15:00Z,76.35440579555211,75.97220334815364,NORMAL,NORMAL,36.011551992577694,45.0,25.0,0.16787878787878788,23.857653195082722,10.564168834782631,9.507751951304368,0.7,2,-156.85588441233202,M4,nan,M4,M4,2,166.36363636363637,-156.85588441233202,0.0,poor_tracking_condition,requested_mode_matches_applied_mode
threshold,380,6.333333333333333,2026-01-01T06:20:00Z,75.97220334815364,75.59953083072033,NORMAL,NORMAL,50.825167114590315,45.0,25.0,0.16787878787878788,33.671673213416085,14.90981689890064,13.418835209010577,0.7,2,-152.9448011546258,M4,nan,M4,M4,2,166.36363636363637,-152.9448011546258,0.0,poor_tracking_condition,requested_mode_matches_applied_mode
threshold,385,6.416666666666667,2026-01-01T06:25:00Z,75.59953083072033,75.2368612765794,NORMAL,NORMAL,66.37407973352572,45.0,25.0,0.16787878787878788,43.97282782346079,19.47116816022844,17.524051344205596,0.7,2,-148.83958501943079,M4,nan,M4,M4,2,166.36363636363637,-148.83958501943079,0.0,poor_tracking_condition,requested_mode_matches_applied_mode
threshold,390,6.5,2026-01-01T06:30:00Z,75.2368612765794,74.88457894827388,NORMAL,NORMAL,82.52030182257455,45.0,25.0,0.16787878787878788,54.66969995745564,24.207743141161362,21.786968827045225,0.7,2,-144.57666753659115,M4,nan,M4,M4,2,166.36363636363637,-144.57666753659115,0.0,poor_tracking_condition,requested_mode_matches_applied_mode
threshold,395,6.583333333333333,2026-01-01T06:35:00Z,74.88457894827388,74.54300458095751,NORMAL,NORMAL,99.16508446154575,45.0,25.0,0.16787878787878788,65.69686845577405,29.090573352216747,26.181516016995072,0.7,2,-140.1821203466413,M4,nan,M4,M4,2,166.36363636363637,-140.1821203466413,0.0,poor_tracking_condition,requested_mode_matches_applied_mode
threshold,400,6.666666666666667,2026-01-01T06:40:00Z,74.54300458095751,74.21241011588138,NORMAL,NORMAL,116.23258091314437,45.0,25.0,0.16787878787878788,77.00408485495815,34.09740877377547,30.687667896397922,0.7,2,-135.67596846723845,M4,nan,M4,M4,2,166.36363636363637,-135.67596846723845,0.0,poor_tracking_condition,requested_mode_matches_applied_mode
threshold,405,6.75,2026-01-01T06:45:00Z,74.21241011588138,73.89302809308884,NORMAL,NORMAL,133.6615447327835,45.0,25.0,0.16787878787878788,88.55077338546907,39.210282455085704,35.28925420957714,0.7,2,-131.07438215405924,M4,nan,M4,M4,2,166.36363636363637,-131.07438215405924,0.0,poor_tracking_condition,requested_mode_matches_applied_mode
threshold,410,6.833333333333333,2026-01-01T06:50:00Z,73.89302809308884,73.58505802595798,NORMAL,NORMAL,151.40063826014523,45.0,25.0,0.16818264905543132,100.30292284734621,44.414134236804905,39.97272081312442,0.7,2,-126.39091555051195,M4,nan,M4,M4,2,166.36363636363637,-126.39091555051195,0.0,poor_tracking_condition,requested_mode_matches_applied_mode
threshold,415,6.916666666666667,2026-01-01T06:55:00Z,73.58505802595798,73.28867093564004,NORMAL,NORMAL,169.4055723049358,45.0,25.0,0.17224998836901514,112.23119165201996,49.69597166351444,44.726374497163,0.7,2,-121.63726186647338,M4,nan,M4,M4,2,166.36363636363637,-121.63726186647338,0.0,poor_tracking_condition,requested_mode_matches_applied_mode
threshold,420,7.0,2026-01-01T07:00:00Z,73.28867093564004,73.00401269769092,NORMAL,NORMAL,187.6372597831489,45.0,25.0,0.17659455008999894,124.30968460633613,55.04432834368564,49.53989550931708,1.0,3,-116.8237408543193,M4,nan,M4,M4,2,166.36363636363637,-116.8237408543193,0.0,poor_tracking_condition,requested_mode_matches_applied_mode
threshold,425,7.083333333333333,2026-01-01T07:05:00Z,73.00401269769092,72.73120658704931,NORMAL,NORMAL,206.0605696030889,45.0,25.0,0.1905327658350259,136.5151273620464,60.44889839591415,54.40400855632274,1.0,3,-111.95962780731364,M4,nan,M4,M4,2,166.36363636363637,-111.95962780731364,0.0,poor_tracking_condition,requested_mode_matches_applied_mode
threshold,430,7.166666666666667,2026-01-01T07:10:00Z,72.73120658704931,72.47035526235706,NORMAL,NORMAL,224.6434551612089,45.0,25.0,0.22416534633971386,148.8262890443009,65.90028078881645,59.3102527099348,1.0,3,-107.05338365370157,M4,nan,M4,M4,2,166.36363636363637,-107.05338365370157,0.0,,requested_mode_matches_applied_mode
threshold,435,7.25,2026-01-01T07:15:00Z,72.47035526235706,72.22154234660736,NORMAL,NORMAL,243.35632686206696,45.0,25.0,0.25867222159573144,161.22356654611937,71.38979526662166,64.25081573995949,1.0,3,-102.11282062367688,M4,nan,M4,M4,2,166.36363636363637,-102.11282062367688,0.0,,requested_mode_matches_applied_mode
threshold,440,7.333333333333333,2026-01-01T07:20:00Z,72.22154234660736,71.98483371007855,NORMAL,NORMAL,262.1715893417327,45.0,25.0,0.2950018182265901,173.68867793889794,76.909346591344,69.2184119322096,1.0,3,-97.14522443142677,M4,nan,M4,M4,2,166.36363636363637,-97.14522443142677,0.0,,requested_mode_matches_applied_mode
threshold,445,7.416666666666667,2026-01-01T07:25:00Z,71.98483371007855,71.76027852924024,NORMAL,NORMAL,281.06329323248883,45.0,25.0,0.3341258056485794,186.20443176652384,82.45132238621676,74.20619014759508,1.0,3,-92.1574462160413,M4,nan,M4,M4,2,166.36363636363637,-92.1574462160413,0.0,,requested_mode_matches_applied_mode
threshold,450,7.5,2026-01-01T07:30:00Z,71.76027852924024,71.54791017420297,NORMAL,NORMAL,300.00686864544195,45.0,25.0,0.377088257479534,198.75455047760528,88.00851495148362,79.20766345633525,1.0,3,-87.15597290730112,M4,nan,M4,M4,2,166.36363636363637,-87.15597290730112,0.0,,requested_mode_matches_applied_mode
threshold,455,7.583333333333333,2026-01-01T07:35:00Z,71.54791017420297,71.34774696305423,NORMAL,NORMAL,318.9789182548796,45.0,25.0,0.41768518530846765,211.32353334385772,93.5740605646602,84.21665450819418,1.0,3,-82.14698185544219,M4,nan,M4,M4,2,166.36363636363637,-82.14698185544219,0.0,,requested_mode_matches_applied_mode
threshold,460,7.666666666666667,2026-01-01T07:40:00Z,71.34774696305423,71.1597928115908,NORMAL,NORMAL,337.95705469879323,45.0,25.0,0.4243366616754745,223.8965487379505,99.14139178116447,89.22725260304803,1.0,3,-77.13638376058834,M4,nan,M4,M4,2,166.36363636363637,-77.13638376058834,0.0,,requested_mode_matches_applied_mode
threshold,465,7.75,2026-01-01T07:45:00Z,71.1597928115908,70.98403780000689,NORMAL,NORMAL,356.91977149263414,45.0,25.0,0.427720651242502,236.4593486138701,104.70419956622167,94.23377960959951,1.0,3,-72.12985675403687,M4,nan,M4,M4,2,166.36363636363637,-72.12985675403687,0.0,,requested_mode_matches_applied_mode
threshold,470,7.833333333333333,2026-01-01T07:50:00Z,70.98403780000689,70.82045867308845,NORMAL,NORMAL,375.8463396692638,45.0,25.0,0.427720651242502,248.99820003088726,110.25640297367688,99.2307626763092,1.0,3,-67.13287368732718,M4,nan,M4,M4,2,166.36363636363637,-67.13287368732718,0.0,,requested_mode_matches_applied_mode
threshold,475,7.916666666666667,2026-01-01T07:55:00Z,70.82045867308845,70.66901928678884,NORMAL,NORMAL,394.71672443236906,45.0,25.0,0.427720651242502,261.4998299364445,115.79212469585762,104.21291222627187,1.0,3,-62.150724137364506,M4,nan,M4,M4,2,166.36363636363637,-62.150724137364506,0.0,,requested_mode_matches_applied_mode
threshold,480,8.0,2026-01-01T08:00:00Z,70.66901928678884,70.52967101132171,NORMAL,NORMAL,413.5115175656589,45.0,25.0,0.427720651242502,273.951380387249,121.30567123547385,109.17510411192647,1.0,3,-57.1885322517099,M4,nan,M4,M4,2,166.36363636363637,-57.1885322517099,0.0,,requested_mode_matches_applied_mode
threshold,485,8.083333333333334,2026-01-01T08:05:00Z,70.52967101132171,70.40235309883666,NORMAL,NORMAL,432.2118823790214,45.0,25.0,0.427720651242502,286.3403720761017,126.79151675529783,114.11236507976805,1.0,3,-52.25127128386832,M4,nan,M4,M4,2,166.36363636363637,-52.25127128386832,0.0,,requested_mode_matches_applied_mode
threshold,490,8.166666666666666,2026-01-01T08:10:00Z,70.40235309883666,70.28699302215678,NORMAL,NORMAL,450.79950872647515,45.0,25.0,0.427720651242502,298.6546745312898,132.24428988245512,119.01986089420961,1.0,3,-47.34377546942676,M4,nan,M4,M4,2,166.36363636363637,-47.34377546942676,0.0,,requested_mode_matches_applied_mode
threshold,495,8.25,2026-01-01T08:15:00Z,70.28699302215678,70.18350678982873,NORMAL,NORMAL,469.2565761854894,45.0,25.0,0.427720651242502,310.8824817228867,137.65876290689422,123.8928866162048,1.0,3,-42.47074974743157,M4,nan,M4,M4,2,166.36363636363637,-42.47074974743157,0.0,,requested_mode_matches_applied_mode
threshold,500,8.333333333333334,2026-01-01T08:20:00Z,70.18350678982873,70.09179924177279,NORMAL,NORMAL,487.5657239010053,45.0,25.0,0.427720651242502,323.012292084416,143.0298429349794,128.72685864148147,1.0,3,-37.6367777221549,M4,nan,M4,M4,2,166.36363636363637,-37.6367777221549,0.0,,requested_mode_matches_applied_mode
threshold,505,8.416666666666666,2026-01-01T08:25:00Z,70.09179924177279,70.01176432905855,NORMAL,NORMAL,505.7100259098641,45.0,25.0,0.427720651242502,335.032892165285,148.35256465078817,133.51730818570937,1.0,3,-32.846328177927006,M4,nan,M4,M4,2,166.36363636363637,-32.846328177927006,0.0,,requested_mode_matches_applied_mode
threshold,510,8.5,2026-01-01T08:30:00Z,70.01176432905855,69.9432853807234,NORMAL,NORMAL,523.6729709998182,45.0,25.0,0.427720651242502,346.93334328737956,153.62208440765167,138.2598759668865,1.0,3,-28.103760396749863,M4,nan,M4,M4,2,166.36363636363637,-28.103760396749863,0.0,,requested_mode_matches_applied_mode
threshold,515,8.583333333333334,2026-01-01T08:35:00Z,69.9432853807234,69.88623536006101,NORMAL,NORMAL,541.4384463412449,45.0,25.0,0.427720651242502,358.7029707010747,158.8336754264359,142.9503078837923,1.0,3,-23.41332847984407,M4,nan,M4,M4,2,166.36363636363637,-23.41332847984407,0.0,,requested_mode_matches_applied_mode
threshold,520,8.666666666666666,2026-01-01T08:40:00Z,69.88623536006101,69.8404771124088,NORMAL,NORMAL,558.9907242729151,45.0,25.0,0.427720651242502,370.3313548308063,163.98272391908102,147.58445152717292,1.0,3,-18.779184836463457,M4,nan,M4,M4,2,166.36363636363637,-18.779184836463457,0.0,,requested_mode_matches_applied_mode
threshold,525,8.75,2026-01-01T08:45:00Z,69.8404771124088,69.80586360613786,NORMAL,NORMAL,576.3144517357053,45.0,25.0,0.427720651242502,381.8083242749048,169.06472598892785,152.15825339003507,1.0,3,-14.205382973601303,M4,nan,M4,M4,2,166.36363636363637,-14.205382973601303,0.0,,requested_mode_matches_applied_mode
threshold,530,8.833333333333334,2026-01-01T08:50:00Z,69.80586360613786,69.78223816828046,NORMAL,NORMAL,593.3946419372817,45.0,25.0,0.427720651242502,393.1239502834491,174.07528518551123,156.66775666696012,1.0,3,-9.695879696676258,M4,nan,M4,M4,2,166.36363636363637,-9.695879696676258,0.0,,requested_mode_matches_applied_mode
threshold,535,8.916666666666666,2026-01-01T08:55:00Z,69.78223816828046,69.76943471600829,NORMAL,NORMAL,610.2166679019552,45.0,25.0,0.427720651242502,404.2685424850453,179.01011061237804,161.10909955114025,1.0,3,-5.254536812496127,M4,nan,M4,M4,2,166.36363636363637,-5.254536812496127,0.0,,requested_mode_matches_applied_mode
threshold,540,9.0,2026-01-01T09:00:00Z,69.76943471600829,69.76727798498808,NORMAL,NORMAL,626.7662576171249,45.0,25.0,0.427720651242502,415.2326456713452,183.86501550327168,165.47851395294452,1.0,3,-0.8851224106918494,M4,nan,M4,M4,2,166.36363636363637,-0.8851224106918494,0.0,,requested_mode_matches_applied_mode
threshold,545,9.083333333333334,2026-01-01T09:05:00Z,69.76727798498808,69.77437941876397,NORMAL,NORMAL,643.0294905340588,45.0,25.0,0.427720651242502,426.00703747881397,188.63591619561882,169.77232457605695,1.0,3,3.4086882124205715,M4,nan,M4,M4,2,166.36363636363637,3.4086882124205715,0.0,,requested_mode_matches_applied_mode
threshold,550,9.166666666666666,2026-01-01T09:10:00Z,69.77437941876397,69.79026131862555,NORMAL,NORMAL,658.9927952185128,45.0,25.0,0.4474657017792565,436.5827268322647,193.3188314413268,173.98694829719412,1.0,3,7.623311933557744,M4,nan,M4,M4,2,166.36363636363637,7.623311933557744,0.0,,requested_mode_matches_applied_mode
threshold,555,9.25,2026-01-01T09:15:00Z,69.79026131862555,69.8147514382921,NORMAL,NORMAL,674.6429479776286,45.0,25.0,0.48138985298897474,446.95095303517894,197.90988200397726,178.11889380357954,1.0,3,11.755257439943165,M4,nan,M4,M4,2,166.36363636363637,11.755257439943165,0.0,,requested_mode_matches_applied_mode
threshold,560,9.333333333333334,2026-01-01T09:20:00Z,69.8147514382921,69.8476704488868,NORMAL,NORMAL,689.9670723150822,45.0,25.0,0.514037145852114,457.1031854087419,202.40529049899092,182.16476144909183,1.0,3,15.801125085455453,M4,nan,M4,M4,2,166.36363636363637,15.801125085455453,0.0,,requested_mode_matches_applied_mode
threshold,565,9.416666666666666,2026-01-01T09:25:00Z,69.8476704488868,69.88883212999502,NORMAL,NORMAL,704.9526390875933,45.0,25.0,0.5453140505837336,467.0311233955305,206.8013814395409,186.12124329558682,1.0,3,19.75760693195045,M4,nan,M4,M4,2,166.36363636363637,19.75760693195045,0.0,,requested_mode_matches_applied_mode
threshold,570,9.5,2026-01-01T09:30:00Z,69.88883212999502,69.93804356113444,NORMAL,NORMAL,719.5874672535556,45.0,25.0,0.5761543004419684,476.72669705548054,211.09458145616676,189.98512331055008,1.0,3,23.621486946913706,M4,nan,M4,M4,2,166.36363636363637,23.621486946913706,0.0,,requested_mode_matches_applied_mode
threshold,575,9.583333333333334,2026-01-01T09:35:00Z,69.93804356113444,69.99510531391049,NORMAL,NORMAL,733.8597251193016,45.0,25.0,0.6047462592118371,486.1820678915373,215.28141966237274,193.75327769613548,1.0,3,27.38964133249911,M4,nan,M4,M4,2,166.36363636363637,27.38964133249911,0.0,,requested_mode_matches_applied_mode
threshold,580,9.666666666666666,2026-01-01T09:40:00Z,69.99510531391049,70.05981164508609,NORMAL,NORMAL,747.7579320009604,45.0,25.0,0.6309023129330239,495.3896299506363,219.35852814214175,197.42267532792758,1.0,3,31.059038964291204,M4,nan,M4,M4,2,166.36363636363637,31.059038964291204,0.0,,requested_mode_matches_applied_mode
threshold,585,9.75,2026-01-01T09:45:00Z,70.05981164508609,70.13195069075464,NORMAL,NORMAL,761.2709602303687,45.0,25.0,0.6349760438056127,504.34201115261925,223.3226425383798,200.99037828454183,1.0,3,34.62674192090546,M4,nan,M4,M4,2,166.36363636363637,34.62674192090546,0.0,,requested_mode_matches_applied_mode
threshold,590,9.833333333333334,2026-01-01T09:50:00Z,70.13195069075464,70.2113046617711,NORMAL,NORMAL,774.3880374424308,45.0,25.0,0.6349760438056127,513.0320748056104,227.17060272392428,204.45354245153186,1.0,3,38.089906087895486,M4,nan,M4,M4,2,166.36363636363637,38.089906087895486,0.0,,requested_mode_matches_applied_mode
threshold,595,9.916666666666666,2026-01-01T09:55:00Z,70.2113046617711,70.29765004056578,NORMAL,NORMAL,787.0987490889426,45.0,25.0,0.6349760438056127,521.4529212714244,230.89935353898673,207.80941818508805,1.0,3,41.445781821451675,M4,nan,M4,M4,2,166.36363636363637,41.445781821451675,0.0,,requested_mode_matches_applied_mode
threshold,600,10.0,2026-01-01T10:00:00Z,70.29765004056578,70.23189111961076,NORMAL,NORMAL,799.393041130417,75.0,25.0,0.30688262012909395,349.73445549455744,154.86241689299004,139.37617520369105,0.95,3,-26.987461159945326,M4,nan,M4,M4,2,166.36363636363637,-26.987461159945326,0.0,,requested_mode_matches_applied_mode
threshold,605,10.083333333333334,2026-01-01T10:05:00Z,70.23189111961076,70.17117422388853,NORMAL,NORMAL,811.2612228630773,75.0,25.0,0.30688262012909395,354.9267850025963,157.16158039914964,141.44542235923467,0.95,3,-24.918214004401705,M4,nan,M4,M4,2,166.36363636363637,-24.918214004401705,0.0,,requested_mode_matches_applied_mode
threshold,610,10.166666666666666,2026-01-01T10:10:00Z,70.17117422388853,70.11531436524676,NORMAL,NORMAL,822.6939698430232,75.0,25.0,0.30688262012909395,359.92861180632264,159.37638930783967,143.4387503770557,0.95,3,-22.924885986580676,M4,nan,M4,M4,2,166.36363636363637,-22.924885986580676,0.0,,requested_mode_matches_applied_mode
threshold,615,10.25,2026-01-01T10:15:00Z,70.11531436524676,70.06412275104752,NORMAL,NORMAL,833.682326873807,75.0,25.0,0.30688262012909395,364.73601800729057,161.50510877362825,145.35459789626543,0.95,3,-21.009038467370942,M4,nan,M4,M4,2,166.36363636363637,-21.009038467370942,0.0,,requested_mode_matches_applied_mode
threshold,620,10.333333333333334,2026-01-01T10:20:00Z,70.06412275104752,70.01740694232006,NORMAL,NORMAL,844.2177110273034,75.0,25.0,0.30688262012909395,369.34524857444524,163.54607606876434,147.1914684618879,0.95,3,-19.17216790174848,M4,nan,M4,M4,2,166.36363636363637,-19.17216790174848,0.0,,requested_mode_matches_applied_mode
threshold,625,10.416666666666666,2026-01-01T10:25:00Z,70.01740694232006,69.97497101319978,NORMAL,NORMAL,854.2919146709914,75.0,25.0,0.30688262012909395,373.75271266855873,165.49770116963782,148.94793105267405,0.95,3,-17.415705310962323,M4,nan,M4,M4,2,166.36363636363637,-17.415705310962323,0.0,,requested_mode_matches_applied_mode
threshold,630,10.5,2026-01-01T10:30:00Z,69.97497101319978,69.93661571164569,NORMAL,NORMAL,863.8971084775652,75.0,25.0,0.30688262012909395,377.9549849589348,167.35846733981634,150.62262060583473,0.95,3,-15.741015757801648,M4,nan,M4,M4,2,166.36363636363637,-15.741015757801648,0.0,,requested_mode_matches_applied_mode
threshold,635,10.583333333333334,2026-01-01T10:35:00Z,69.93661571164569,69.9021386214198,NORMAL,NORMAL,873.0258443952956,75.0,25.0,0.30688262012909395,381.94880692294186,169.12693170547865,152.2142385349308,0.95,3,-14.149397828705588,M4,nan,M4,M4,2,166.36363636363637,-14.149397828705588,0.0,,requested_mode_matches_applied_mode
threshold,640,10.666666666666666,2026-01-01T10:40:00Z,69.9021386214198,69.87133432530358,NORMAL,NORMAL,881.6710585597592,75.0,25.0,0.30688262012909395,385.73108811989465,170.80172581948935,153.7215532375404,0.95,3,-12.642083126095969,M4,nan,M4,M4,2,166.36363636363637,-12.642083126095969,0.0,,requested_mode_matches_applied_mode
threshold,645,10.75,2026-01-01T10:45:00Z,69.87133432530358,69.84399456951905,NORMAL,NORMAL,889.8260741295153,75.0,25.0,0.30688262012909395,389.29890743166294,172.38155621074037,155.14340058966633,0.95,3,-11.220235773970046,M4,nan,M4,M4,2,166.36363636363637,-11.220235773970046,0.0,,requested_mode_matches_applied_mode
threshold,650,10.833333333333334,2026-01-01T10:50:00Z,69.84399456951905,69.81990842931563,NORMAL,NORMAL,897.4846040300675,75.0,25.0,0.30688262012909395,392.6495142631546,173.86520491572483,156.47868442415236,0.95,3,-9.884951939484012,M4,nan,M4,M4,2,166.36363636363637,-9.884951939484012,0.0,,requested_mode_matches_applied_mode
threshold,655,10.916666666666666,2026-01-01T10:55:00Z,69.81990842931563,69.79886247567775,NORMAL,NORMAL,904.6407535920156,75.0,25.0,0.30688262012909395,395.78032969650684,175.25152998961323,157.72637699065191,0.95,3,-8.63725937298446,M4,nan,M4,M4,2,166.36363636363637,-8.63725937298446,0.0,,requested_mode_matches_applied_mode
threshold,660,11.0,2026-01-01T11:00:00Z,69.79886247567775,69.78064094310295,NORMAL,NORMAL,911.2890230707287,75.0,55.0,0.17965669988925803,398.6889475934438,176.5394659943769,158.88551939493922,0.95,3,-7.478116968697151,M4,nan,M4,M4,2,166.36363636363637,-7.478116968697151,0.0,poor_tracking_condition,requested_mode_matches_applied_mode
threshold,665,11.083333333333334,2026-01-01T11:05:00Z,69.78064094310295,69.76502589839521,NORMAL,NORMAL,917.4243100361533,75.0,55.0,0.17965669988925803,401.37313564081705,177.7280244617538,159.9552220155784,0.95,3,-6.40841434805796,M4,nan,M4,M4,2,166.36363636363637,-6.40841434805796,0.0,poor_tracking_condition,requested_mode_matches_applied_mode
threshold,670,11.166666666666666,2026-01-01T11:10:00Z,69.76502589839521,69.75179741041406,NORMAL,NORMAL,923.0419116225485,75.0,55.0,0.17965669988925803,403.83083633486496,178.81629432907818,160.93466489617037,0.95,3,-5.428971467465999,M4,nan,M4,M4,2,166.36363636363637,-5.428971467465999,0.0,poor_tracking_condition,requested_mode_matches_applied_mode
threshold,675,11.25,2026-01-01T11:15:00Z,69.75179741041406,69.74073372071607,NORMAL,NORMAL,928.1375266290065,75.0,55.0,0.17965669988925803,406.0601679001903,179.8034423462043,161.82309811158387,0.95,3,-4.5405382520524995,M4,nan,M4,M4,2,166.36363636363637,-4.5405382520524995,0.0,poor_tracking_condition,requested_mode_matches_applied_mode
threshold,680,11.333333333333334,2026-01-01T11:20:00Z,69.74073372071607,69.7316114150219,NORMAL,NORMAL,932.7072574626172,75.0,55.0,0.17965669988925803,408.05942513989504,180.68871345194552,162.61984210675098,0.95,3,-3.743794256885394,M4,nan,M4,M4,2,166.36363636363637,-3.743794256885394,0.0,poor_tracking_condition,requested_mode_matches_applied_mode
threshold,685,11.416666666666666,2026-01-01T11:25:00Z,69.7316114150219,69.72420559543889,NORMAL,NORMAL,936.7476119170401,75.0,55.0,0.17965669988925803,409.827080213705,181.47143111862857,163.32428800676573,0.95,3,-3.039348356870647,M4,nan,M4,M4,2,166.36363636363637,-3.039348356870647,0.0,poor_tracking_condition,requested_mode_matches_applied_mode
threshold,690,11.5,2026-01-01T11:30:00Z,69.72420559543889,69.7182900533666,NORMAL,NORMAL,940.2555047801078,75.0,55.0,0.17965669988925803,411.36178334129715,182.15099766352637,163.93589789717373,0.95,3,-2.4277384664626425,M4,nan,M4,M4,2,166.36363636363637,-2.4277384664626425,0.0,poor_tracking_condition,requested_mode_matches_applied_mode
threshold,695,11.583333333333334,2026-01-01T11:35:00Z,69.7182900533666,69.71363744301048,NORMAL,NORMAL,943.2282592648833,75.0,55.0,0.17965669988925803,412.6623634283864,182.72689452608952,164.45420507348058,0.95,3,-1.9094312901557942,M4,nan,M4,M4,2,166.36363636363637,-1.9094312901557942,0.0,poor_tracking_condition,requested_mode_matches_applied_mode
threshold,700,11.666666666666666,2026-01-01T11:40:00Z,69.71363744301048,69.71001945542618,NORMAL,NORMAL,945.663608259343,75.0,55.0,0.17965669988925803,413.7278286134626,183.19868251004124,164.8788142590371,0.95,3,-1.4848221045992602,M4,nan,M4,M4,2,166.36363636363637,-1.4848221045992602,0.0,poor_tracking_condition,requested_mode_matches_applied_mode
threshold,705,11.75,2026-01-01T11:45:00Z,69.71001945542618,69.70720699301621,NORMAL,NORMAL,947.5596953905817,75.0,55.0,0.17965669988925803,414.5573667333795,183.56600198954044,165.2094017905864,0.95,3,-1.154234573049962,M4,nan,M4,M4,2,166.36363636363637,-1.154234573049962,0.0,poor_tracking_condition,requested_mode_matches_applied_mode
threshold,710,11.833333333333334,2026-01-01T11:50:00Z,69.70720699301621,69.70497034439836,NORMAL,NORMAL,948.915075900106,75.0,55.0,0.17965669988925803,415.1503457062964,183.82857307874804,165.44571577087325,0.95,3,-0.9179205927631244,M4,nan,M4,M4,2,166.36363636363637,-0.9179205927631244,0.0,poor_tracking_condition,requested_mode_matches_applied_mode
threshold,715,11.916666666666666,2026-01-01T11:55:00Z,69.70497034439836,69.70307935956454,NORMAL,NORMAL,949.7287173274527,75.0,55.0,0.17965669988925803,415.5063138307606,183.98619576426077,165.58757618783469,0.95,3,-0.776060175801689,M4,nan,M4,M4,2,166.36363636363637,-0.776060175801689,0.0,poor_tracking_condition,requested_mode_matches_applied_mode
threshold,720,12.0,2026-01-01T12:00:00Z,69.70307935956454,69.70130362524768,NORMAL,NORMAL,950.0,75.0,55.0,0.17965669988925803,415.625,184.03875,165.634875,0.95,3,-0.7287613636363801,M4,nan,M4,M4,2,166.36363636363637,-0.7287613636363801,0.0,poor_tracking_condition,requested_mode_matches_applied_mode
threshold,725,12.083333333333334,2026-01-01T12:05:00Z,69.70130362524768,69.69941264041385,NORMAL,NORMAL,949.7287173274527,75.0,55.0,0.17965669988925803,415.5063138307606,183.98619576426077,165.58757618783469,0.95,3,-0.776060175801689,M4,nan,M4,M4,2,166.36363636363637,-0.776060175801689,0.0,poor_tracking_condition,requested_mode_matches_applied_mode
threshold,730,12.166666666666666,2026-01-01T12:10:00Z,69.69941264041385,69.69717599179602,NORMAL,NORMAL,948.915075900106,75.0,55.0,0.17965669988925803,415.1503457062964,183.82857307874804,165.44571577087325,0.95,3,-0.9179205927631244,M4,nan,M4,M4,2,166.36363636363637,-0.9179205927631244,0.0,poor_tracking_condition,requested_mode_matches_applied_mode
threshold,735,12.25,2026-01-01T12:15:00Z,69.69717599179602,69.69436352938604,NORMAL,NORMAL,947.5596953905817,75.0,55.0,0.17965669988925803,414.5573667333795,183.56600198954044,165.2094017905864,0.95,3,-1.154234573049962,M4,nan,M4,M4,2,166.36363636363637,-1.154234573049962,0.0,poor_tracking_condition,requested_mode_matches_applied_mode
threshold,740,12.333333333333334,2026-01-01T12:20:00Z,69.69436352938604,69.69074554180173,NORMAL,NORMAL,945.663608259343,75.0,55.0,0.17965669988925803,413.7278286134626,183.19868251004124,164.8788142590371,0.95,3,-1.4848221045992602,M4,nan,M4,M4,2,166.36363636363637,-1.4848221045992602,0.0,poor_tracking_condition,requested_mode_matches_applied_mode
threshold,745,12.416666666666666,2026-01-01T12:25:00Z,69.69074554180173,69.68609293144561,NORMAL,NORMAL,943.2282592648833,75.0,55.0,0.17965669988925803,412.6623634283864,182.72689452608952,164.45420507348058,0.95,3,-1.9094312901557942,M4,nan,M4,M4,2,166.36363636363637,-1.9094312901557942,0.0,poor_tracking_condition,requested_mode_matches_applied_mode
threshold,750,12.5,2026-01-01T12:30:00Z,69.68609293144561,69.68017738937333,NORMAL,NORMAL,940.2555047801079,75.0,55.0,0.17965669988925803,411.3617833412972,182.1509976635264,163.93589789717376,0.95,3,-2.427738466462614,M4,nan,M4,M4,2,166.36363636363637,-2.427738466462614,0.0,poor_tracking_condition,requested_mode_matches_applied_mode
threshold,755,12.583333333333334,2026-01-01T12:35:00Z,69.68017738937333,69.67277156979033,NORMAL,NORMAL,936.7476119170401,75.0,55.0,0.17965669988925803,409.827080213705,181.47143111862857,163.32428800676573,0.95,3,-3.039348356870647,M4,nan,M4,M4,2,166.36363636363637,-3.039348356870647,0.0,poor_tracking_condition,requested_mode_matches_applied_mode
threshold,760,12.666666666666666,2026-01-01T12:40:00Z,69.67277156979033,69.66364926409616,NORMAL,NORMAL,932.7072574626172,75.0,55.0,0.17965669988925803,408.05942513989504,180.68871345194552,162.61984210675098,0.95,3,-3.743794256885394,M4,nan,M4,M4,2,166.36363636363637,-3.743794256885394,0.0,poor_tracking_condition,requested_mode_matches_applied_mode
threshold,765,12.75,2026-01-01T12:45:00Z,69.66364926409616,69.65258557439817,NORMAL,NORMAL,928.1375266290065,75.0,55.0,0.17965669988925803,406.0601679001903,179.8034423462043,161.82309811158387,0.95,3,-4.5405382520524995,M4,nan,M4,M4,2,166.36363636363637,-4.5405382520524995,0.0,poor_tracking_condition,requested_mode_matches_applied_mode
threshold,770,12.833333333333334,2026-01-01T12:50:00Z,69.65258557439817,69.63935708641701,NORMAL,NORMAL,923.0419116225485,75.0,55.0,0.17965669988925803,403.83083633486496,178.81629432907818,160.93466489617037,0.95,3,-5.428971467465999,M4,nan,M4,M4,2,166.36363636363637,-5.428971467465999,0.0,poor_tracking_condition,requested_mode_matches_applied_mode
threshold,775,12.916666666666666,2026-01-01T12:55:00Z,69.63935708641701,69.62374204170926,NORMAL,NORMAL,917.4243100361533,75.0,55.0,0.17965669988925803,401.37313564081705,177.7280244617538,159.9552220155784,0.95,3,-6.40841434805796,M4,nan,M4,M4,2,166.36363636363637,-6.40841434805796,0.0,poor_tracking_condition,requested_mode_matches_applied_mode
threshold,780,13.0,2026-01-01T13:00:00Z,69.62374204170926,69.60552050913448,NORMAL,NORMAL,911.2890230707287,75.0,55.0,0.17965669988925803,398.6889475934438,176.5394659943769,158.88551939493922,1.0,3,-7.478116968697151,M4,nan,M4,M4,2,166.36363636363637,-7.478116968697151,0.0,poor_tracking_condition,requested_mode_matches_applied_mode
threshold,785,13.083333333333334,2026-01-01T13:05:00Z,69.60552050913448,69.58447455549658,NORMAL,NORMAL,904.6407535920156,75.0,55.0,0.17965669988925803,395.78032969650684,175.25152998961323,157.72637699065191,1.0,3,-8.63725937298446,M4,nan,M4,M4,2,166.36363636363637,-8.63725937298446,0.0,poor_tracking_condition,requested_mode_matches_applied_mode
threshold,790,13.166666666666666,2026-01-01T13:10:00Z,69.58447455549658,69.56038841529316,NORMAL,NORMAL,897.4846040300675,75.0,55.0,0.17965669988925803,392.6495142631546,173.86520491572483,156.47868442415236,1.0,3,-9.884951939484012,M4,nan,M4,M4,2,166.36363636363637,-9.884951939484012,0.0,poor_tracking_condition,requested_mode_matches_applied_mode
threshold,795,13.25,2026-01-01T13:15:00Z,69.56038841529316,69.53304865950865,NORMAL,NORMAL,889.8260741295154,75.0,55.0,0.17965669988925803,389.298907431663,172.38155621074037,155.14340058966633,1.0,3,-11.220235773970046,M4,nan,M4,M4,2,166.36363636363637,-11.220235773970046,0.0,poor_tracking_condition,requested_mode_matches_applied_mode
threshold,800,13.333333333333334,2026-01-01T13:20:00Z,69.53304865950865,69.50224436339244,NORMAL,NORMAL,881.6710585597593,75.0,55.0,0.17965669988925803,385.7310881198947,170.80172581948938,153.72155323754043,1.0,3,-12.64208312609594,M4,nan,M4,M4,2,166.36363636363637,-12.64208312609594,0.0,poor_tracking_condition,requested_mode_matches_applied_mode
threshold,805,13.416666666666666,2026-01-01T13:25:00Z,69.50224436339244,69.46776727316654,NORMAL,NORMAL,873.0258443952957,75.0,55.0,0.17965669988925803,381.9488069229419,169.12693170547868,152.21423853493081,1.0,3,-14.14939782870556,M4,nan,M4,M4,2,166.36363636363637,-14.14939782870556,0.0,poor_tracking_condition,requested_mode_matches_applied_mode
threshold,810,13.5,2026-01-01T13:30:00Z,69.46776727316654,69.42941197161244,NORMAL,NORMAL,863.8971084775652,75.0,55.0,0.17965669988925803,377.9549849589348,167.35846733981634,150.62262060583473,1.0,3,-15.741015757801648,M4,nan,M4,M4,2,166.36363636363637,-15.741015757801648,0.0,poor_tracking_condition,requested_mode_matches_applied_mode
threshold,815,13.583333333333334,2026-01-01T13:35:00Z,69.42941197161244,69.38697604249217,NORMAL,NORMAL,854.2919146709916,75.0,55.0,0.17965669988925803,373.7527126685588,165.49770116963785,148.94793105267408,1.0,3,-17.415705310962295,M4,nan,M4,M4,2,166.36363636363637,-17.415705310962295,0.0,poor_tracking_condition,requested_mode_matches_applied_mode
threshold,820,13.666666666666666,2026-01-01T13:40:00Z,69.38697604249217,69.34026023376471,NORMAL,NORMAL,844.2177110273035,75.0,55.0,0.17965669988925803,369.3452485744453,163.54607606876436,147.19146846188792,1.0,3,-19.172167901748452,M4,nan,M4,M4,2,166.36363636363637,-19.172167901748452,0.0,poor_tracking_condition,requested_mode_matches_applied_mode
threshold,825,13.75,2026-01-01T13:45:00Z,69.34026023376471,69.28906861956546,NORMAL,NORMAL,833.682326873807,75.0,55.0,0.17965669988925803,364.73601800729057,161.50510877362825,145.35459789626543,1.0,3,-21.009038467370942,M4,nan,M4,M4,2,166.36363636363637,-21.009038467370942,0.0,poor_tracking_condition,requested_mode_matches_applied_mode
threshold,830,13.833333333333334,2026-01-01T13:50:00Z,69.28906861956546,69.23320876092369,NORMAL,NORMAL,822.6939698430234,75.0,55.0,0.17965669988925803,359.92861180632275,159.3763893078397,143.43875037705573,1.0,3,-22.924885986580648,M4,nan,M4,M4,2,166.36363636363637,-22.924885986580648,0.0,poor_tracking_condition,requested_mode_matches_applied_mode
threshold,835,13.916666666666666,2026-01-01T13:55:00Z,69.23320876092369,69.17249186520147,NORMAL,NORMAL,811.2612228630773,75.0,55.0,0.17965669988925803,354.9267850025963,157.16158039914964,141.44542235923467,1.0,3,-24.918214004401705,M4,nan,M4,M4,2,166.36363636363637,-24.918214004401705,0.0,poor_tracking_condition,requested_mode_matches_applied_mode
threshold,840,14.0,2026-01-01T14:00:00Z,69.17249186520147,69.10673294424643,NORMAL,NORMAL,799.3930411304173,75.0,55.0,0.17965669988925803,349.73445549455755,154.8624168929901,139.3761752036911,1.0,3,-26.98746115994527,M4,nan,M4,M4,2,166.36363636363637,-26.98746115994527,0.0,poor_tracking_condition,requested_mode_matches_applied_mode
threshold,845,14.083333333333334,2026-01-01T14:05:00Z,69.10673294424643,69.0357509712613,NORMAL,NORMAL,787.0987490889424,75.0,55.0,0.17965669988925803,344.35570272641235,152.4807051672554,137.23263465052986,1.0,3,-29.131001713106514,M4,nan,M4,M4,2,166.36363636363637,-29.131001713106514,0.0,poor_tracking_condition,requested_mode_matches_applied_mode
threshold,850,14.166666666666666,2026-01-01T14:10:00Z,69.0357509712613,68.95936903640394,NORMAL,NORMAL,774.3880374424308,75.0,55.0,0.17965669988925803,338.7947663810635,150.01832255353492,135.01649029818142,1.0,3,-31.34714606545495,M4,nan,M4,M4,2,166.36363636363637,-31.34714606545495,0.0,poor_tracking_condition,requested_mode_matches_applied_mode
threshold,855,14.25,2026-01-01T14:15:00Z,68.95936903640394,68.87741450114548,NORMAL,NORMAL,761.2709602303689,75.0,55.0,0.17965669988925803,333.0560451007864,147.47721677062822,132.7294950935654,1.0,3,-33.634141270070984,M4,nan,M4,M4,2,166.36363636363637,-33.634141270070984,0.0,poor_tracking_condition,requested_mode_matches_applied_mode
threshold,860,14.333333333333334,2026-01-01T14:20:00Z,68.87741450114548,68.78971915142706,NORMAL,NORMAL,747.7579320009607,75.0,55.0,0.17965669988925803,327.1440952504203,144.85940537688612,130.3734648391975,1.0,3,-35.990171524438864,M4,nan,M4,M4,2,166.36363636363637,-35.990171524438864,0.0,poor_tracking_condition,requested_mode_matches_applied_mode
threshold,865,14.416666666666666,2026-01-01T14:25:00Z,68.78971915142706,68.69611934967322,NORMAL,NORMAL,733.8597251193017,75.0,55.0,0.17965669988925803,321.06362973969453,142.16697524873675,127.95027772386308,1.0,3,-38.41335863977329,M4,nan,M4,M4,2,166.36363636363637,-38.41335863977329,0.0,poor_tracking_condition,requested_mode_matches_applied_mode
threshold,870,14.5,2026-01-01T14:30:00Z,68.69611934967322,68.59645618573728,NORMAL,NORMAL,719.5874672535556,75.0,55.0,0.17965669988925803,314.81951692343057,139.40208209369507,125.46187388432557,1.0,3,-40.901762479310804,M4,nan,M4,M4,2,166.36363636363637,-40.901762479310804,0.0,poor_tracking_condition,requested_mode_matches_applied_mode
threshold,875,14.583333333333334,2026-01-01T14:35:00Z,68.59645618573728,68.49057562687491,NORMAL,NORMAL,704.9526390875933,75.0,55.0,0.17965669988925803,308.41677960082205,136.566950007244,122.9102550065196,1.0,3,-43.45338135711677,M4,nan,M4,M4,2,166.36363636363637,-43.45338135711677,0.0,poor_tracking_condition,requested_mode_matches_applied_mode
threshold,880,14.666666666666666,2026-01-01T14:40:00Z,68.49057562687491,68.3783286668656,NORMAL,NORMAL,689.9670723150822,75.0,55.0,0.17965669988925803,301.86059413784847,133.6638710842393,120.29748397581538,1.0,3,-46.06615238782099,M4,nan,M4,M4,2,166.36363636363637,-46.06615238782099,0.0,poor_tracking_condition,requested_mode_matches_applied_mode
threshold,885,14.75,2026-01-01T14:45:00Z,68.3783286668656,68.25957147442806,NORMAL,NORMAL,674.6429479776288,75.0,55.0,0.17965669988925803,295.15628974021257,130.69520509696613,117.62568458726952,1.0,3,-48.737951776366856,M4,nan,M4,M4,2,166.36363636363637,-48.737951776366856,0.0,poor_tracking_condition,requested_mode_matches_applied_mode
threshold,890,14.833333333333334,2026-01-01T14:50:00Z,68.25957147442806,68.13416554110617,NORMAL,NORMAL,658.9927952185128,75.0,55.0,0.17965669988925803,288.30934790809937,127.66337925370641,114.89704132833577,1.0,3,-51.4665950353006,M4,nan,M4,M4,2,166.36363636363637,-51.4665950353006,0.0,poor_tracking_condition,requested_mode_matches_applied_mode
threshold,895,14.916666666666666,2026-01-01T14:55:00Z,68.13416554110617,68.00197782883693,NORMAL,NORMAL,643.0294905340589,75.0,55.0,0.17965669988925803,281.3254021086508,124.57088805371058,112.11379924833952,1.0,3,-54.249837115296856,M4,nan,M4,M4,2,166.36363636363637,-54.249837115296856,0.0,poor_tracking_condition,requested_mode_matches_applied_mode
threshold,900,15.0,2026-01-01T15:00:00Z,68.00197782883693,67.86288091745182,NORMAL,NORMAL,626.7662576171249,75.0,55.0,0.17965669988925803,274.2102377074921,121.42029325687751,109.27826393118977,1.0,3,-57.085372432446604,M4,nan,M4,M4,2,166.36363636363637,-57.085372432446604,0.0,poor_tracking_condition,requested_mode_matches_applied_mode
threshold,905,15.083333333333334,2026-01-01T15:05:00Z,67.86288091745182,67.71675315240977,NORMAL,NORMAL,610.2166679019552,75.0,25.0,0.17965669988925803,266.9697922071054,118.21422398930625,106.39280159037563,1.0,3,-59.97083477326075,M4,nan,M4,M4,2,166.36363636363637,-59.97083477326075,0.0,poor_tracking_condition,requested_mode_matches_applied_mode
threshold,910,15.166666666666666,2026-01-01T15:10:00Z,67.71675315240977,67.5634787931133,NORMAL,NORMAL,593.3946419372819,75.0,25.0,0.17965669988925803,259.6101558475608,114.95537700929992,103.45983930836994,1.0,3,-62.90379705526644,M4,nan,M4,M4,2,166.36363636363637,-62.90379705526644,0.0,poor_tracking_condition,requested_mode_matches_applied_mode
threshold,915,15.25,2026-01-01T15:15:00Z,67.5634787931133,67.40294816222298,NORMAL,NORMAL,576.3144517357055,75.0,25.0,0.17965669988925803,252.13757263437114,111.64651716249953,100.48186544624959,1.0,3,-65.88177091738679,M4,nan,M4,M4,2,166.36363636363637,-65.88177091738679,0.0,poor_tracking_condition,requested_mode_matches_applied_mode
threshold,920,15.333333333333334,2026-01-01T15:20:00Z,67.40294816222298,67.23505779645826,NORMAL,NORMAL,558.9907242729154,75.0,25.0,0.17965669988925803,244.55844186940047,108.29047805977052,97.46143025379347,1.0,3,-68.90220610984291,M4,nan,M4,M4,2,166.36363636363637,-68.90220610984291,0.0,poor_tracking_condition,requested_mode_matches_applied_mode
threshold,925,15.416666666666666,2026-01-01T15:25:00Z,67.23505779645826,67.05971059946039,NORMAL,NORMAL,541.438446341245,75.0,25.0,0.17965669988925803,236.87932027429468,104.89016301745768,94.40114671571192,1.0,3,-71.96248964792446,M4,nan,M4,M4,2,166.36363636363637,-71.96248964792446,0.0,poor_tracking_condition,requested_mode_matches_applied_mode
threshold,930,15.5,2026-01-01T15:30:00Z,67.05971059946039,66.8768159973956,NORMAL,NORMAL,523.6729709998184,75.0,25.0,0.17965669988925803,229.10692481242054,101.44854630693982,91.30369167624583,1.0,3,-75.05994468739054,M4,nan,M4,M4,2,166.36363636363637,-75.05994468739054,0.0,poor_tracking_condition,requested_mode_matches_applied_mode
threshold,935,15.583333333333334,2026-01-01T15:35:00Z,66.8768159973956,66.79678108468136,NORMAL,NORMAL,505.710025909864,45.0,25.0,0.427720651242502,335.03289216528486,148.35256465078814,133.51730818570934,1.0,3,-32.846328177927035,M4,nan,M4,M4,2,166.36363636363637,-32.846328177927035,0.0,,requested_mode_matches_applied_mode
threshold,940,15.666666666666666,2026-01-01T15:40:00Z,66.79678108468136,66.70507353662543,NORMAL,NORMAL,487.5657239010052,45.0,25.0,0.427720651242502,323.01229208441595,143.02984293497937,128.72685864148144,1.0,3,-37.63677772215493,M4,nan,M4,M4,2,166.36363636363637,-37.63677772215493,0.0,,requested_mode_matches_applied_mode
threshold,945,15.75,2026-01-01T15:45:00Z,66.70507353662543,66.60158730429738,NORMAL,NORMAL,469.2565761854894,45.0,25.0,0.427720651242502,310.8824817228867,137.65876290689422,123.8928866162048,1.0,3,-42.47074974743157,M4,nan,M4,M4,2,166.36363636363637,-42.47074974743157,0.0,,requested_mode_matches_applied_mode
threshold,950,15.833333333333334,2026-01-01T15:50:00Z,66.60158730429738,66.48622722761749,NORMAL,NORMAL,450.7995087264755,45.0,25.0,0.427720651242502,298.65467453129,132.24428988245523,119.01986089420971,1.0,3,-47.34377546942666,M4,nan,M4,M4,2,166.36363636363637,-47.34377546942666,0.0,,requested_mode_matches_applied_mode
threshold,955,15.916666666666666,2026-01-01T15:55:00Z,66.48622722761749,66.35890931513244,NORMAL,NORMAL,432.2118823790218,45.0,25.0,0.427720651242502,286.3403720761019,126.7915167552979,114.11236507976811,1.0,3,-52.25127128386826,M4,nan,M4,M4,2,166.36363636363637,-52.25127128386826,0.0,,requested_mode_matches_applied_mode
threshold,960,16.0,2026-01-01T16:00:00Z,66.35890931513244,66.21956103966531,NORMAL,NORMAL,413.5115175656589,45.0,25.0,0.427720651242502,273.951380387249,121.30567123547385,109.17510411192647,1.0,3,-57.1885322517099,M4,nan,M4,M4,2,166.36363636363637,-57.1885322517099,0.0,,requested_mode_matches_applied_mode
threshold,965,16.083333333333332,2026-01-01T16:05:00Z,66.21956103966531,66.0681216533657,NORMAL,NORMAL,394.71672443236906,45.0,25.0,0.427720651242502,261.4998299364445,115.79212469585762,104.21291222627187,1.0,3,-62.150724137364506,M4,nan,M4,M4,2,166.36363636363637,-62.150724137364506,0.0,,requested_mode_matches_applied_mode
threshold,970,16.166666666666668,2026-01-01T16:10:00Z,66.0681216533657,65.90454252644726,NORMAL,NORMAL,375.8463396692638,45.0,25.0,0.427720651242502,248.99820003088726,110.25640297367688,99.2307626763092,1.0,3,-67.13287368732718,M4,nan,M4,M4,2,166.36363636363637,-67.13287368732718,0.0,,requested_mode_matches_applied_mode
threshold,975,16.25,2026-01-01T16:15:00Z,65.90454252644726,65.72878751486334,NORMAL,NORMAL,356.91977149263414,45.0,25.0,0.427720651242502,236.4593486138701,104.70419956622167,94.23377960959951,1.0,3,-72.12985675403687,M4,nan,M4,M4,2,166.36363636363637,-72.12985675403687,0.0,,requested_mode_matches_applied_mode
threshold,980,16.333333333333332,2026-01-01T16:20:00Z,65.72878751486334,65.54083336339991,NORMAL,NORMAL,337.9570546987933,45.0,25.0,0.4243366616754747,223.89654873795055,99.1413917811645,89.22725260304806,1.0,3,-77.13638376058832,M4,nan,M4,M4,2,166.36363636363637,-77.13638376058832,0.0,,requested_mode_matches_applied_mode
threshold,985,16.416666666666668,2026-01-01T16:25:00Z,65.54083336339991,65.34067015225119,NORMAL,NORMAL,318.97891825487966,45.0,25.0,0.4176851853084677,211.32353334385778,93.57406056466021,84.2166545081942,1.0,3,-82.14698185544218,M4,nan,M4,M4,2,166.36363636363637,-82.14698185544218,0.0,,requested_mode_matches_applied_mode
threshold,990,16.5,2026-01-01T16:30:00Z,65.34067015225119,65.12830179721391,NORMAL,NORMAL,300.00686864544207,45.0,25.0,0.3770882574795345,198.75455047760536,88.00851495148365,79.20766345633528,1.0,3,-87.15597290730109,M4,nan,M4,M4,2,166.36363636363637,-87.15597290730109,0.0,,requested_mode_matches_applied_mode
threshold,995,16.583333333333332,2026-01-01T16:35:00Z,65.12830179721391,64.90374661637561,NORMAL,NORMAL,281.06329323248895,45.0,25.0,0.3341258056485795,186.20443176652392,82.4513223862168,74.20619014759512,1.0,3,-92.15744621604125,M4,nan,M4,M4,2,166.36363636363637,-92.15744621604125,0.0,,requested_mode_matches_applied_mode
threshold,1000,16.666666666666668,2026-01-01T16:40:00Z,64.90374661637561,64.66703797984678,NORMAL,NORMAL,262.1715893417329,45.0,25.0,0.2950018182265905,173.68867793889802,76.90934659134405,69.21841193220965,1.0,3,-97.14522443142673,M3,nan,M3,M4,2,166.36363636363637,-97.14522443142673,0.0,,new_candidate_started
threshold,1005,16.75,2026-01-01T16:45:00Z,64.66703797984678,64.41822506409709,NORMAL,NORMAL,243.35632686206708,45.0,25.0,0.2586722215957316,161.22356654611943,71.38979526662169,64.25081573995952,1.0,3,-102.11282062367685,M3,nan,M3,M4,2,166.36363636363637,-102.11282062367685,0.0,,waiting_for_candidate_confirmation
threshold,1010,16.833333333333332,2026-01-01T16:50:00Z,64.41822506409709,64.35396686362954,NORMAL,NORMAL,224.64345516120912,45.0,25.0,0.22416534633971438,148.82628904430103,65.9002807888165,59.31025270993485,1.0,3,-107.05338365370153,M3,nan,M3,M3,1,85.68181818181819,-26.371565471883336,0.0,,candidate_confirmed_and_dwell_satisfied
threshold,1015,16.916666666666668,2026-01-01T16:55:00Z,64.35396686362954,64.27775387721265,NORMAL,NORMAL,206.06056960308908,45.0,25.0,0.19053276583502624,136.5151273620465,60.44889839591419,54.40400855632277,1.0,3,-31.277809625495415,M3,nan,M3,M3,1,85.68181818181819,-31.277809625495415,0.0,poor_tracking_condition,requested_mode_matches_applied_mode
threshold,1020,17.0,2026-01-01T17:00:00Z,64.27775387721265,64.18968876348822,NORMAL,NORMAL,187.63725978314915,45.0,25.0,0.17659455008999897,124.3096846063363,55.04432834368571,49.53989550931714,1.0,3,-36.141922672501046,M3,nan,M3,M3,1,85.68181818181819,-36.141922672501046,0.0,poor_tracking_condition,requested_mode_matches_applied_mode
threshold,1025,17.083333333333332,2026-01-01T17:05:00Z,64.18968876348822,64.089894797395,NORMAL,NORMAL,169.40557230493567,45.0,25.0,0.1722499883690151,112.23119165201987,49.695971663514406,44.726374497162965,1.0,3,-40.95544368465522,M3,nan,M3,M3,1,85.68181818181819,-40.95544368465522,0.0,poor_tracking_condition,requested_mode_matches_applied_mode
threshold,1030,17.166666666666668,2026-01-01T17:10:00Z,64.089894797395,63.97851785448883,NORMAL,NORMAL,151.40063826014514,45.0,25.0,0.16818264905543134,100.30292284734615,44.41413423680488,39.97272081312439,1.0,3,-45.7090973686938,M3,nan,M3,M3,1,85.68181818181819,-45.7090973686938,0.0,poor_tracking_condition,requested_mode_matches_applied_mode
threshold,1035,17.25,2026-01-01T17:15:00Z,63.97851785448883,63.85572895592098,NORMAL,NORMAL,133.66154473278382,45.0,25.0,0.16787878787878788,88.55077338546928,39.210282455085796,35.289254209577216,1.0,3,-50.39256397224097,M3,nan,M3,M3,1,85.68181818181819,-50.39256397224097,0.0,poor_tracking_condition,requested_mode_matches_applied_mode
threshold,1040,17.333333333333332,2026-01-01T17:20:00Z,63.85572895592098,63.72172761506956,NORMAL,NORMAL,116.23258091314466,45.0,25.0,0.16787878787878788,77.00408485495834,34.097408773775555,30.687667896398,1.0,3,-54.99415028542019,M3,nan,M3,M3,1,85.68181818181819,-54.99415028542019,0.0,poor_tracking_condition,requested_mode_matches_applied_mode
threshold,1045,17.416666666666668,2026-01-01T17:25:00Z,63.72172761506956,63.57674637197789,NORMAL,NORMAL,99.16508446154606,45.0,25.0,0.16787878787878788,65.69686845577426,29.090573352216847,26.18151601699516,1.0,3,-59.500302164823026,M3,nan,M3,M3,1,85.68181818181819,-59.500302164823026,0.0,poor_tracking_condition,requested_mode_matches_applied_mode
threshold,1050,17.5,2026-01-01T17:30:00Z,63.57674637197789,63.42105716789706,NORMAL,NORMAL,82.52030182257455,45.0,25.0,0.16787878787878788,54.66969995745564,24.207743141161362,21.786968827045225,1.0,3,-63.89484935477296,M3,nan,M3,M3,1,85.68181818181819,-63.89484935477296,0.0,poor_tracking_condition,requested_mode_matches_applied_mode
threshold,1055,17.583333333333332,2026-01-01T17:35:00Z,63.42105716789706,63.254980737980844,NORMAL,NORMAL,66.37407973352572,45.0,25.0,0.16787878787878788,43.97282782346079,19.47116816022844,17.524051344205596,1.0,3,-68.1577668376126,M3,nan,M3,M3,1,85.68181818181819,-68.1577668376126,0.0,poor_tracking_condition,requested_mode_matches_applied_mode
threshold,1060,17.666666666666668,2026-01-01T17:40:00Z,63.254980737980844,63.07890134477225,NORMAL,NORMAL,50.82516711459033,45.0,25.0,0.16787878787878788,33.67167321341609,14.909816898900644,13.41883520901058,1.0,3,-72.2629829728076,M3,nan,M3,M3,1,85.68181818181819,-72.2629829728076,0.0,poor_tracking_condition,requested_mode_matches_applied_mode
threshold,1065,17.75,2026-01-01T17:45:00Z,63.07890134477225,62.89329202159848,NORMAL,NORMAL,36.01155199257773,45.0,25.0,0.16787878787878788,23.857653195082744,10.56416883478264,9.507751951304376,1.0,3,-76.17406623051382,M3,nan,M3,M3,1,85.68181818181819,-76.17406623051382,0.0,poor_tracking_condition,requested_mode_matches_applied_mode
threshold,1070,17.833333333333332,2026-01-01T17:50:00Z,62.89329202159848,62.698764115071036,NORMAL,NORMAL,22.14823277430465,45.0,25.0,0.16787878787878788,14.67320421297683,6.49729482550614,5.8475653429555265,1.0,3,-79.83425283886265,M3,nan,M3,M3,1,85.68181818181819,-79.83425283886265,0.0,poor_tracking_condition,requested_mode_matches_applied_mode
threshold,1075,17.916666666666668,2026-01-01T17:55:00Z,62.698764115071036,62.496191526170605,NORMAL,NORMAL,9.643332015559634,45.0,25.0,0.16787878787878788,6.388707460308257,2.828919663424496,2.546027697082047,1.0,3,-83.13579048473613,M3,nan,M3,M3,1,85.68181818181819,-83.13579048473613,0.0,poor_tracking_condition,requested_mode_matches_applied_mode
threshold,1080,18.0,2026-01-01T18:00:00Z,62.496191526170605,62.28741516607845,NORMAL,NORMAL,7.64428072237531e-17,45.0,25.0,0.16787878787878788,5.064335978573643e-17,2.242487971312409e-17,2.0182391741811683e-17,1.0,3,-85.68181818181819,M3,nan,M3,M3,1,85.68181818181819,-85.68181818181819,0.0,poor_tracking_condition,requested_mode_matches_applied_mode
threshold,1085,18.083333333333332,2026-01-01T18:05:00Z,62.28741516607845,62.07863880598631,NORMAL,NORMAL,0.0,45.0,25.0,0.16787878787878788,0.0,0.0,0.0,1.0,3,-85.68181818181819,M3,nan,M3,M3,1,85.68181818181819,-85.68181818181819,0.0,poor_tracking_condition,requested_mode_matches_applied_mode
threshold,1090,18.166666666666668,2026-01-01T18:10:00Z,62.07863880598631,61.86986244589416,NORMAL,NORMAL,0.0,45.0,25.0,0.16787878787878788,0.0,0.0,0.0,1.0,3,-85.68181818181819,M3,nan,M3,M3,1,85.68181818181819,-85.68181818181819,0.0,poor_tracking_condition,requested_mode_matches_applied_mode
threshold,1095,18.25,2026-01-01T18:15:00Z,61.86986244589416,61.661086085802,NORMAL,NORMAL,0.0,45.0,25.0,0.16787878787878788,0.0,0.0,0.0,1.0,3,-85.68181818181819,M3,nan,M3,M3,1,85.68181818181819,-85.68181818181819,0.0,poor_tracking_condition,requested_mode_matches_applied_mode
threshold,1100,18.333333333333332,2026-01-01T18:20:00Z,61.661086085802,61.452309725709846,NORMAL,NORMAL,0.0,45.0,25.0,0.16787878787878788,0.0,0.0,0.0,1.0,3,-85.68181818181819,M3,nan,M3,M3,1,85.68181818181819,-85.68181818181819,0.0,poor_tracking_condition,requested_mode_matches_applied_mode
threshold,1105,18.416666666666668,2026-01-01T18:25:00Z,61.452309725709846,61.243533365617694,NORMAL,NORMAL,0.0,45.0,25.0,0.16787878787878788,0.0,0.0,0.0,1.0,3,-85.68181818181819,M3,nan,M3,M3,1,85.68181818181819,-85.68181818181819,0.0,poor_tracking_condition,requested_mode_matches_applied_mode
threshold,1110,18.5,2026-01-01T18:30:00Z,61.243533365617694,61.03475700552555,NORMAL,NORMAL,0.0,45.0,25.0,0.16787878787878788,0.0,0.0,0.0,1.0,3,-85.68181818181819,M3,nan,M3,M3,1,85.68181818181819,-85.68181818181819,0.0,poor_tracking_condition,requested_mode_matches_applied_mode
threshold,1115,18.583333333333332,2026-01-01T18:35:00Z,61.03475700552555,60.8259806454334,NORMAL,NORMAL,0.0,45.0,25.0,0.16787878787878788,0.0,0.0,0.0,1.0,3,-85.68181818181819,M3,nan,M3,M3,1,85.68181818181819,-85.68181818181819,0.0,poor_tracking_condition,requested_mode_matches_applied_mode
threshold,1120,18.666666666666668,2026-01-01T18:40:00Z,60.8259806454334,60.617204285341245,NORMAL,NORMAL,0.0,45.0,25.0,0.16787878787878788,0.0,0.0,0.0,1.0,3,-85.68181818181819,M3,nan,M3,M3,1,85.68181818181819,-85.68181818181819,0.0,poor_tracking_condition,requested_mode_matches_applied_mode
threshold,1125,18.75,2026-01-01T18:45:00Z,60.617204285341245,60.40842792524909,NORMAL,NORMAL,0.0,45.0,25.0,0.16787878787878788,0.0,0.0,0.0,1.0,3,-85.68181818181819,M3,nan,M3,M3,1,85.68181818181819,-85.68181818181819,0.0,poor_tracking_condition,requested_mode_matches_applied_mode
threshold,1130,18.833333333333332,2026-01-01T18:50:00Z,60.40842792524909,60.19965156515694,NORMAL,NORMAL,0.0,45.0,25.0,0.16787878787878788,0.0,0.0,0.0,1.0,3,-85.68181818181819,M3,nan,M3,M3,1,85.68181818181819,-85.68181818181819,0.0,poor_tracking_condition,requested_mode_matches_applied_mode
threshold,1135,18.916666666666668,2026-01-01T18:55:00Z,60.19965156515694,59.99087520506479,NORMAL,NORMAL,0.0,45.0,25.0,0.16787878787878788,0.0,0.0,0.0,1.0,3,-85.68181818181819,M3,nan,M3,M3,1,85.68181818181819,-85.68181818181819,0.0,poor_tracking_condition,requested_mode_matches_applied_mode
threshold,1140,19.0,2026-01-01T19:00:00Z,59.99087520506479,59.782098844972644,NORMAL,NORMAL,0.0,45.0,25.0,0.16787878787878788,0.0,0.0,0.0,1.0,3,-85.68181818181819,M3,nan,M3,M3,1,85.68181818181819,-85.68181818181819,0.0,poor_tracking_condition,requested_mode_matches_applied_mode
threshold,1145,19.083333333333332,2026-01-01T19:05:00Z,59.782098844972644,59.57332248488049,NORMAL,NORMAL,0.0,45.0,25.0,0.16787878787878788,0.0,0.0,0.0,1.0,3,-85.68181818181819,M3,nan,M3,M3,1,85.68181818181819,-85.68181818181819,0.0,poor_tracking_condition,requested_mode_matches_applied_mode
threshold,1150,19.166666666666668,2026-01-01T19:10:00Z,59.57332248488049,59.36454612478834,NORMAL,NORMAL,0.0,45.0,25.0,0.16787878787878788,0.0,0.0,0.0,1.0,3,-85.68181818181819,M3,nan,M3,M3,1,85.68181818181819,-85.68181818181819,0.0,poor_tracking_condition,requested_mode_matches_applied_mode
threshold,1155,19.25,2026-01-01T19:15:00Z,59.36454612478834,59.15576976469618,NORMAL,NORMAL,0.0,45.0,25.0,0.16787878787878788,0.0,0.0,0.0,1.0,3,-85.68181818181819,M3,nan,M3,M3,1,85.68181818181819,-85.68181818181819,0.0,poor_tracking_condition,requested_mode_matches_applied_mode
threshold,1160,19.333333333333332,2026-01-01T19:20:00Z,59.15576976469618,58.94699340460403,NORMAL,NORMAL,0.0,45.0,25.0,0.16787878787878788,0.0,0.0,0.0,1.0,3,-85.68181818181819,M3,nan,M3,M3,1,85.68181818181819,-85.68181818181819,0.0,poor_tracking_condition,requested_mode_matches_applied_mode
threshold,1165,19.416666666666668,2026-01-01T19:25:00Z,58.94699340460403,58.738217044511885,NORMAL,NORMAL,0.0,45.0,25.0,0.16787878787878788,0.0,0.0,0.0,1.0,3,-85.68181818181819,M3,nan,M3,M3,1,85.68181818181819,-85.68181818181819,0.0,poor_tracking_condition,requested_mode_matches_applied_mode
threshold,1170,19.5,2026-01-01T19:30:00Z,58.738217044511885,58.52944068441973,NORMAL,NORMAL,0.0,45.0,25.0,0.16787878787878788,0.0,0.0,0.0,1.0,3,-85.68181818181819,M3,nan,M3,M3,1,85.68181818181819,-85.68181818181819,0.0,poor_tracking_condition,requested_mode_matches_applied_mode
threshold,1175,19.583333333333332,2026-01-01T19:35:00Z,58.52944068441973,58.32066432432758,NORMAL,NORMAL,0.0,45.0,25.0,0.16787878787878788,0.0,0.0,0.0,1.0,3,-85.68181818181819,M3,nan,M3,M3,1,85.68181818181819,-85.68181818181819,0.0,poor_tracking_condition,requested_mode_matches_applied_mode
threshold,1180,19.666666666666668,2026-01-01T19:40:00Z,58.32066432432758,58.11188796423543,NORMAL,NORMAL,0.0,45.0,25.0,0.16787878787878788,0.0,0.0,0.0,1.0,3,-85.68181818181819,M3,nan,M3,M3,1,85.68181818181819,-85.68181818181819,0.0,poor_tracking_condition,requested_mode_matches_applied_mode
threshold,1185,19.75,2026-01-01T19:45:00Z,58.11188796423543,57.90311160414328,NORMAL,NORMAL,0.0,45.0,25.0,0.16787878787878788,0.0,0.0,0.0,1.0,3,-85.68181818181819,M3,nan,M3,M3,1,85.68181818181819,-85.68181818181819,0.0,poor_tracking_condition,requested_mode_matches_applied_mode
threshold,1190,19.833333333333332,2026-01-01T19:50:00Z,57.90311160414328,57.69433524405113,NORMAL,NORMAL,0.0,45.0,25.0,0.16787878787878788,0.0,0.0,0.0,1.0,3,-85.68181818181819,M3,nan,M3,M3,1,85.68181818181819,-85.68181818181819,0.0,poor_tracking_condition,requested_mode_matches_applied_mode
threshold,1195,19.916666666666668,2026-01-01T19:55:00Z,57.69433524405113,57.48555888395898,NORMAL,NORMAL,0.0,45.0,25.0,0.16787878787878788,0.0,0.0,0.0,1.0,3,-85.68181818181819,M3,nan,M3,M3,1,85.68181818181819,-85.68181818181819,0.0,poor_tracking_condition,requested_mode_matches_applied_mode
threshold,1200,20.0,2026-01-01T20:00:00Z,57.48555888395898,57.27678252386683,NORMAL,NORMAL,0.0,45.0,25.0,0.16787878787878788,0.0,0.0,0.0,0.75,2,-85.68181818181819,M3,nan,M3,M3,1,85.68181818181819,-85.68181818181819,0.0,poor_tracking_condition,requested_mode_matches_applied_mode
threshold,1205,20.083333333333332,2026-01-01T20:05:00Z,57.27678252386683,57.068006163774676,NORMAL,NORMAL,0.0,45.0,25.0,0.16787878787878788,0.0,0.0,0.0,0.75,2,-85.68181818181819,M3,nan,M3,M3,1,85.68181818181819,-85.68181818181819,0.0,poor_tracking_condition,requested_mode_matches_applied_mode
threshold,1210,20.166666666666668,2026-01-01T20:10:00Z,57.068006163774676,56.859229803682524,NORMAL,NORMAL,0.0,45.0,25.0,0.16787878787878788,0.0,0.0,0.0,0.75,2,-85.68181818181819,M3,nan,M3,M3,1,85.68181818181819,-85.68181818181819,0.0,poor_tracking_condition,requested_mode_matches_applied_mode
threshold,1215,20.25,2026-01-01T20:15:00Z,56.859229803682524,56.65045344359038,NORMAL,NORMAL,0.0,45.0,25.0,0.16787878787878788,0.0,0.0,0.0,0.75,2,-85.68181818181819,M3,nan,M3,M3,1,85.68181818181819,-85.68181818181819,0.0,poor_tracking_condition,requested_mode_matches_applied_mode
threshold,1220,20.333333333333332,2026-01-01T20:20:00Z,56.65045344359038,56.44167708349823,NORMAL,NORMAL,0.0,45.0,25.0,0.16787878787878788,0.0,0.0,0.0,0.75,2,-85.68181818181819,M3,nan,M3,M3,1,85.68181818181819,-85.68181818181819,0.0,poor_tracking_condition,requested_mode_matches_applied_mode
threshold,1225,20.416666666666668,2026-01-01T20:25:00Z,56.44167708349823,56.23290072340607,NORMAL,NORMAL,0.0,45.0,25.0,0.16787878787878788,0.0,0.0,0.0,0.75,2,-85.68181818181819,M3,nan,M3,M3,1,85.68181818181819,-85.68181818181819,0.0,poor_tracking_condition,requested_mode_matches_applied_mode
threshold,1230,20.5,2026-01-01T20:30:00Z,56.23290072340607,56.024124363313916,NORMAL,NORMAL,0.0,45.0,25.0,0.16787878787878788,0.0,0.0,0.0,0.75,2,-85.68181818181819,M3,nan,M3,M3,1,85.68181818181819,-85.68181818181819,0.0,poor_tracking_condition,requested_mode_matches_applied_mode
threshold,1235,20.583333333333332,2026-01-01T20:35:00Z,56.024124363313916,55.815348003221764,NORMAL,NORMAL,0.0,45.0,25.0,0.16787878787878788,0.0,0.0,0.0,0.75,2,-85.68181818181819,M3,nan,M3,M3,1,85.68181818181819,-85.68181818181819,0.0,poor_tracking_condition,requested_mode_matches_applied_mode
threshold,1240,20.666666666666668,2026-01-01T20:40:00Z,55.815348003221764,55.60657164312961,NORMAL,NORMAL,0.0,45.0,25.0,0.16787878787878788,0.0,0.0,0.0,0.75,2,-85.68181818181819,M3,nan,M3,M3,1,85.68181818181819,-85.68181818181819,0.0,poor_tracking_condition,requested_mode_matches_applied_mode
threshold,1245,20.75,2026-01-01T20:45:00Z,55.60657164312961,55.39779528303747,NORMAL,NORMAL,0.0,45.0,25.0,0.16787878787878788,0.0,0.0,0.0,0.75,2,-85.68181818181819,M3,nan,M3,M3,1,85.68181818181819,-85.68181818181819,0.0,poor_tracking_condition,requested_mode_matches_applied_mode
threshold,1250,20.833333333333332,2026-01-01T20:50:00Z,55.39779528303747,55.189018922945316,NORMAL,NORMAL,0.0,45.0,25.0,0.16787878787878788,0.0,0.0,0.0,0.75,2,-85.68181818181819,M3,nan,M3,M3,1,85.68181818181819,-85.68181818181819,0.0,poor_tracking_condition,requested_mode_matches_applied_mode
threshold,1255,20.916666666666668,2026-01-01T20:55:00Z,55.189018922945316,54.980242562853164,NORMAL,NORMAL,0.0,45.0,25.0,0.16787878787878788,0.0,0.0,0.0,0.75,2,-85.68181818181819,M3,nan,M3,M3,1,85.68181818181819,-85.68181818181819,0.0,poor_tracking_condition,requested_mode_matches_applied_mode
threshold,1260,21.0,2026-01-01T21:00:00Z,54.980242562853164,54.77146620276101,NORMAL,NORMAL,0.0,45.0,25.0,0.16787878787878788,0.0,0.0,0.0,0.75,2,-85.68181818181819,M3,nan,M3,M3,1,85.68181818181819,-85.68181818181819,0.0,poor_tracking_condition,requested_mode_matches_applied_mode
threshold,1265,21.083333333333332,2026-01-01T21:05:00Z,54.77146620276101,54.56268984266886,NORMAL,NORMAL,0.0,45.0,25.0,0.16787878787878788,0.0,0.0,0.0,0.75,2,-85.68181818181819,M3,nan,M3,M3,1,85.68181818181819,-85.68181818181819,0.0,poor_tracking_condition,requested_mode_matches_applied_mode
threshold,1270,21.166666666666668,2026-01-01T21:10:00Z,54.56268984266886,54.353913482576715,NORMAL,NORMAL,0.0,45.0,25.0,0.16787878787878788,0.0,0.0,0.0,0.75,2,-85.68181818181819,M3,nan,M3,M3,1,85.68181818181819,-85.68181818181819,0.0,poor_tracking_condition,requested_mode_matches_applied_mode
threshold,1275,21.25,2026-01-01T21:15:00Z,54.353913482576715,54.14513712248456,NORMAL,NORMAL,0.0,45.0,25.0,0.16787878787878788,0.0,0.0,0.0,0.75,2,-85.68181818181819,M3,nan,M3,M3,1,85.68181818181819,-85.68181818181819,0.0,poor_tracking_condition,requested_mode_matches_applied_mode
threshold,1280,21.333333333333332,2026-01-01T21:20:00Z,54.14513712248456,53.93636076239241,NORMAL,NORMAL,0.0,45.0,25.0,0.16787878787878788,0.0,0.0,0.0,0.75,2,-85.68181818181819,M3,nan,M3,M3,1,85.68181818181819,-85.68181818181819,0.0,poor_tracking_condition,requested_mode_matches_applied_mode
threshold,1285,21.416666666666668,2026-01-01T21:25:00Z,53.93636076239241,53.72758440230026,NORMAL,NORMAL,0.0,45.0,25.0,0.16787878787878788,0.0,0.0,0.0,0.75,2,-85.68181818181819,M3,nan,M3,M3,1,85.68181818181819,-85.68181818181819,0.0,poor_tracking_condition,requested_mode_matches_applied_mode
threshold,1290,21.5,2026-01-01T21:30:00Z,53.72758440230026,53.5188080422081,NORMAL,NORMAL,0.0,45.0,25.0,0.16787878787878788,0.0,0.0,0.0,0.75,2,-85.68181818181819,M3,nan,M3,M3,1,85.68181818181819,-85.68181818181819,0.0,poor_tracking_condition,requested_mode_matches_applied_mode
threshold,1295,21.583333333333332,2026-01-01T21:35:00Z,53.5188080422081,53.31003168211595,NORMAL,NORMAL,0.0,45.0,25.0,0.16787878787878788,0.0,0.0,0.0,0.75,2,-85.68181818181819,M3,nan,M3,M3,1,85.68181818181819,-85.68181818181819,0.0,poor_tracking_condition,requested_mode_matches_applied_mode
threshold,1300,21.666666666666668,2026-01-01T21:40:00Z,53.31003168211595,53.1012553220238,NORMAL,NORMAL,0.0,45.0,25.0,0.16787878787878788,0.0,0.0,0.0,0.75,2,-85.68181818181819,M3,nan,M3,M3,1,85.68181818181819,-85.68181818181819,0.0,poor_tracking_condition,requested_mode_matches_applied_mode
threshold,1305,21.75,2026-01-01T21:45:00Z,53.1012553220238,52.89247896193165,NORMAL,NORMAL,0.0,45.0,25.0,0.16787878787878788,0.0,0.0,0.0,0.75,2,-85.68181818181819,M3,nan,M3,M3,1,85.68181818181819,-85.68181818181819,0.0,poor_tracking_condition,requested_mode_matches_applied_mode
threshold,1310,21.833333333333332,2026-01-01T21:50:00Z,52.89247896193165,52.6837026018395,NORMAL,NORMAL,0.0,45.0,25.0,0.16787878787878788,0.0,0.0,0.0,0.75,2,-85.68181818181819,M3,nan,M3,M3,1,85.68181818181819,-85.68181818181819,0.0,poor_tracking_condition,requested_mode_matches_applied_mode
threshold,1315,21.916666666666668,2026-01-01T21:55:00Z,52.6837026018395,52.47492624174735,NORMAL,NORMAL,0.0,45.0,25.0,0.16787878787878788,0.0,0.0,0.0,0.75,2,-85.68181818181819,M3,nan,M3,M3,1,85.68181818181819,-85.68181818181819,0.0,poor_tracking_condition,requested_mode_matches_applied_mode
threshold,1320,22.0,2026-01-01T22:00:00Z,52.47492624174735,52.266149881655195,NORMAL,NORMAL,0.0,45.0,25.0,0.16787878787878788,0.0,0.0,0.0,0.75,2,-85.68181818181819,M3,nan,M3,M3,1,85.68181818181819,-85.68181818181819,0.0,poor_tracking_condition,requested_mode_matches_applied_mode
threshold,1325,22.083333333333332,2026-01-01T22:05:00Z,52.266149881655195,52.05737352156305,NORMAL,NORMAL,0.0,45.0,25.0,0.16787878787878788,0.0,0.0,0.0,0.75,2,-85.68181818181819,M3,nan,M3,M3,1,85.68181818181819,-85.68181818181819,0.0,poor_tracking_condition,requested_mode_matches_applied_mode
threshold,1330,22.166666666666668,2026-01-01T22:10:00Z,52.05737352156305,51.8485971614709,NORMAL,NORMAL,0.0,45.0,25.0,0.16787878787878788,0.0,0.0,0.0,0.75,2,-85.68181818181819,M3,nan,M3,M3,1,85.68181818181819,-85.68181818181819,0.0,poor_tracking_condition,requested_mode_matches_applied_mode
threshold,1335,22.25,2026-01-01T22:15:00Z,51.8485971614709,51.63982080137875,NORMAL,NORMAL,0.0,45.0,25.0,0.16787878787878788,0.0,0.0,0.0,0.75,2,-85.68181818181819,M3,nan,M3,M3,1,85.68181818181819,-85.68181818181819,0.0,poor_tracking_condition,requested_mode_matches_applied_mode
threshold,1340,22.333333333333332,2026-01-01T22:20:00Z,51.63982080137875,51.431044441286595,NORMAL,NORMAL,0.0,45.0,25.0,0.16787878787878788,0.0,0.0,0.0,0.75,2,-85.68181818181819,M3,nan,M3,M3,1,85.68181818181819,-85.68181818181819,0.0,poor_tracking_condition,requested_mode_matches_applied_mode
threshold,1345,22.416666666666668,2026-01-01T22:25:00Z,51.431044441286595,51.22226808119444,NORMAL,NORMAL,0.0,45.0,25.0,0.16787878787878788,0.0,0.0,0.0,0.75,2,-85.68181818181819,M3,nan,M3,M3,1,85.68181818181819,-85.68181818181819,0.0,poor_tracking_condition,requested_mode_matches_applied_mode
threshold,1350,22.5,2026-01-01T22:30:00Z,51.22226808119444,51.0134917211023,NORMAL,NORMAL,0.0,45.0,25.0,0.16787878787878788,0.0,0.0,0.0,0.75,2,-85.68181818181819,M3,nan,M3,M3,1,85.68181818181819,-85.68181818181819,0.0,poor_tracking_condition,requested_mode_matches_applied_mode
threshold,1355,22.583333333333332,2026-01-01T22:35:00Z,51.0134917211023,50.804715361010146,NORMAL,NORMAL,0.0,45.0,25.0,0.16787878787878788,0.0,0.0,0.0,0.75,2,-85.68181818181819,M3,nan,M3,M3,1,85.68181818181819,-85.68181818181819,0.0,poor_tracking_condition,requested_mode_matches_applied_mode
threshold,1360,22.666666666666668,2026-01-01T22:40:00Z,50.804715361010146,50.59593900091799,NORMAL,NORMAL,0.0,45.0,25.0,0.16787878787878788,0.0,0.0,0.0,0.75,2,-85.68181818181819,M3,nan,M3,M3,1,85.68181818181819,-85.68181818181819,0.0,poor_tracking_condition,requested_mode_matches_applied_mode
threshold,1365,22.75,2026-01-01T22:45:00Z,50.59593900091799,50.387162640825835,NORMAL,NORMAL,0.0,45.0,25.0,0.16787878787878788,0.0,0.0,0.0,0.75,2,-85.68181818181819,M3,nan,M3,M3,1,85.68181818181819,-85.68181818181819,0.0,poor_tracking_condition,requested_mode_matches_applied_mode
threshold,1370,22.833333333333332,2026-01-01T22:50:00Z,50.387162640825835,50.17838628073368,NORMAL,NORMAL,0.0,45.0,25.0,0.16787878787878788,0.0,0.0,0.0,0.75,2,-85.68181818181819,M3,nan,M3,M3,1,85.68181818181819,-85.68181818181819,0.0,poor_tracking_condition,requested_mode_matches_applied_mode
threshold,1375,22.916666666666668,2026-01-01T22:55:00Z,50.17838628073368,49.96960992064154,NORMAL,NORMAL,0.0,45.0,25.0,0.16787878787878788,0.0,0.0,0.0,0.75,2,-85.68181818181819,M3,nan,M3,M3,1,85.68181818181819,-85.68181818181819,0.0,poor_tracking_condition,requested_mode_matches_applied_mode
threshold,1380,23.0,2026-01-01T23:00:00Z,49.96960992064154,49.760833560549386,NORMAL,NORMAL,0.0,45.0,25.0,0.16787878787878788,0.0,0.0,0.0,0.35,1,-85.68181818181819,M3,nan,M3,M3,1,85.68181818181819,-85.68181818181819,0.0,poor_tracking_condition,requested_mode_matches_applied_mode
threshold,1385,23.083333333333332,2026-01-01T23:05:00Z,49.760833560549386,49.552057200457234,NORMAL,NORMAL,0.0,45.0,25.0,0.16787878787878788,0.0,0.0,0.0,0.35,1,-85.68181818181819,M3,nan,M3,M3,1,85.68181818181819,-85.68181818181819,0.0,poor_tracking_condition,requested_mode_matches_applied_mode
threshold,1390,23.166666666666668,2026-01-01T23:10:00Z,49.552057200457234,49.34328084036508,NORMAL,NORMAL,0.0,45.0,25.0,0.16787878787878788,0.0,0.0,0.0,0.35,1,-85.68181818181819,M3,nan,M3,M3,1,85.68181818181819,-85.68181818181819,0.0,poor_tracking_condition,requested_mode_matches_applied_mode
threshold,1395,23.25,2026-01-01T23:15:00Z,49.34328084036508,49.13450448027293,NORMAL,NORMAL,0.0,45.0,25.0,0.16787878787878788,0.0,0.0,0.0,0.35,1,-85.68181818181819,M3,nan,M3,M3,1,85.68181818181819,-85.68181818181819,0.0,poor_tracking_condition,requested_mode_matches_applied_mode
threshold,1400,23.333333333333332,2026-01-01T23:20:00Z,49.13450448027293,48.92572812018078,NORMAL,NORMAL,0.0,45.0,25.0,0.16787878787878788,0.0,0.0,0.0,0.35,1,-85.68181818181819,M3,nan,M3,M3,1,85.68181818181819,-85.68181818181819,0.0,poor_tracking_condition,requested_mode_matches_applied_mode
threshold,1405,23.416666666666668,2026-01-01T23:25:00Z,48.92572812018078,48.716951760088634,NORMAL,NORMAL,0.0,45.0,25.0,0.16787878787878788,0.0,0.0,0.0,0.35,1,-85.68181818181819,M3,nan,M3,M3,1,85.68181818181819,-85.68181818181819,0.0,poor_tracking_condition,requested_mode_matches_applied_mode
threshold,1410,23.5,2026-01-01T23:30:00Z,48.716951760088634,48.50817539999648,NORMAL,NORMAL,0.0,45.0,25.0,0.16787878787878788,0.0,0.0,0.0,0.35,1,-85.68181818181819,M3,nan,M3,M3,1,85.68181818181819,-85.68181818181819,0.0,poor_tracking_condition,requested_mode_matches_applied_mode
threshold,1415,23.583333333333332,2026-01-01T23:35:00Z,48.50817539999648,48.29939903990433,NORMAL,NORMAL,0.0,45.0,25.0,0.16787878787878788,0.0,0.0,0.0,0.35,1,-85.68181818181819,M3,nan,M3,M3,1,85.68181818181819,-85.68181818181819,0.0,poor_tracking_condition,requested_mode_matches_applied_mode
threshold,1420,23.666666666666668,2026-01-01T23:40:00Z,48.29939903990433,48.09062267981217,NORMAL,NORMAL,0.0,45.0,25.0,0.16787878787878788,0.0,0.0,0.0,0.35,1,-85.68181818181819,M3,nan,M3,M3,1,85.68181818181819,-85.68181818181819,0.0,poor_tracking_condition,requested_mode_matches_applied_mode
threshold,1425,23.75,2026-01-01T23:45:00Z,48.09062267981217,47.88184631972002,NORMAL,NORMAL,0.0,45.0,25.0,0.16787878787878788,0.0,0.0,0.0,0.35,1,-85.68181818181819,M3,nan,M3,M3,1,85.68181818181819,-85.68181818181819,0.0,poor_tracking_condition,requested_mode_matches_applied_mode
threshold,1430,23.833333333333332,2026-01-01T23:50:00Z,47.88184631972002,47.673069959627874,NORMAL,NORMAL,0.0,45.0,25.0,0.16787878787878788,0.0,0.0,0.0,0.35,1,-85.68181818181819,M3,nan,M3,M3,1,85.68181818181819,-85.68181818181819,0.0,poor_tracking_condition,requested_mode_matches_applied_mode
threshold,1435,23.916666666666668,2026-01-01T23:55:00Z,47.673069959627874,47.46429359953572,NORMAL,NORMAL,0.0,45.0,25.0,0.16787878787878788,0.0,0.0,0.0,0.35,1,-85.68181818181819,M3,nan,M3,M3,1,85.68181818181819,-85.68181818181819,0.0,poor_tracking_condition,requested_mode_matches_applied_mode
