strategy,scenario,day,time_min,time_h,time_of_day_h,timestamp,soc_before_percent,soc_after_percent,battery_protection_before,battery_protection_after,shortwave_radiation_wm2,cloud_cover_percent,precipitation_probability_percent,weather_index,local_irradiance_wm2,pv_raw_power_w,pv_delivered_power_w,demand_index,demand_requested_outputs,p_net_predecision_w,raw_mode,centroid,requested_mode,applied_mode,active_outputs,final_station_load_w,battery_requested_power_w,battery_external_discharge_wh_step,ev_useful_wh_step,pv_curtailed_wh_step,blocked_reasons,stabilization_reason
fis,restrictive,1,0,0.0,0.0,2026-01-01T00:00:00Z,30.0,29.987816764132553,NORMAL,NORMAL,0.0,35.0,10.0,0.24208641975308645,0.0,0.0,0.0,0.2,0,-5.0,M1,1.0,M1,M1,0,5.0,-5.0,0.41666666666666663,0.0,0.0,,initialized_from_first_valid_decision
fis,restrictive,1,5,0.08333333333333333,0.08333333333333333,2026-01-01T00:05:00Z,29.987816764132553,29.975633528265107,NORMAL,NORMAL,0.0,35.0,10.0,0.24208641975308645,0.0,0.0,0.0,0.2,0,-5.0,M1,1.0,M1,M1,0,5.0,-5.0,0.41666666666666663,0.0,0.0,,requested_mode_matches_applied_mode
fis,restrictive,1,10,0.16666666666666666,0.16666666666666666,2026-01-01T00:10:00Z,29.975633528265107,29.963450292397663,NORMAL,NORMAL,0.0,35.0,10.0,0.24208641975308645,0.0,0.0,0.0,0.2,0,-5.0,M1,1.0,M1,M1,0,5.0,-5.0,0.41666666666666663,0.0,0.0,,requested_mode_matches_applied_mode
fis,restrictive,1,15,0.25,0.25,2026-01-01T00:15:00Z,29.963450292397663,29.951267056530217,NORMAL,NORMAL,0.0,35.0,10.0,0.24208641975308645,0.0,0.0,0.0,0.2,0,-5.0,M1,1.0,M1,M1,0,5.0,-5.0,0.41666666666666663,0.0,0.0,,requested_mode_matches_applied_mode
fis,restrictive,1,20,0.3333333333333333,0.3333333333333333,2026-01-01T00:20:00Z,29.951267056530217,29.93908382066277,NORMAL,NORMAL,0.0,35.0,10.0,0.24208641975308645,0.0,0.0,0.0,0.2,0,-5.0,M1,1.0,M1,M1,0,5.0,-5.0,0.41666666666666663,0.0,0.0,,requested_mode_matches_applied_mode
fis,restrictive,1,25,0.4166666666666667,0.4166666666666667,2026-01-01T00:25:00Z,29.93908382066277,29.926900584795327,NORMAL,NORMAL,0.0,35.0,10.0,0.24208641975308645,0.0,0.0,0.0,0.2,0,-5.0,M1,1.0,M1,M1,0,5.0,-5.0,0.41666666666666663,0.0,0.0,,requested_mode_matches_applied_mode
fis,restrictive,1,30,0.5,0.5,2026-01-01T00:30:00Z,29.926900584795327,29.91471734892788,NORMAL,NORMAL,0.0,35.0,10.0,0.24208641975308645,0.0,0.0,0.0,0.2,0,-5.0,M1,1.0,M1,M1,0,5.0,-5.0,0.41666666666666663,0.0,0.0,,requested_mode_matches_applied_mode
fis,restrictive,1,35,0.5833333333333334,0.5833333333333334,2026-01-01T00:35:00Z,29.91471734892788,29.902534113060433,NORMAL,NORMAL,0.0,35.0,10.0,0.24208641975308645,0.0,0.0,0.0,0.2,0,-5.0,M1,1.0,M1,M1,0,5.0,-5.0,0.41666666666666663,0.0,0.0,,requested_mode_matches_applied_mode
fis,restrictive,1,40,0.6666666666666666,0.6666666666666666,2026-01-01T00:40:00Z,29.902534113060433,29.890350877192986,NORMAL,NORMAL,0.0,35.0,10.0,0.24208641975308645,0.0,0.0,0.0,0.2,0,-5.0,M1,1.0,M1,M1,0,5.0,-5.0,0.41666666666666663,0.0,0.0,,requested_mode_matches_applied_mode
fis,restrictive,1,45,0.75,0.75,2026-01-01T00:45:00Z,29.890350877192986,29.87816764132554,NORMAL,NORMAL,0.0,35.0,10.0,0.24208641975308645,0.0,0.0,0.0,0.2,0,-5.0,M1,1.0,M1,M1,0,5.0,-5.0,0.41666666666666663,0.0,0.0,,requested_mode_matches_applied_mode
fis,restrictive,1,50,0.8333333333333334,0.8333333333333334,2026-01-01T00:50:00Z,29.87816764132554,29.865984405458097,NORMAL,NORMAL,0.0,35.0,10.0,0.24208641975308645,0.0,0.0,0.0,0.2,0,-5.0,M1,1.0,M1,M1,0,5.0,-5.0,0.41666666666666663,0.0,0.0,,requested_mode_matches_applied_mode
fis,restrictive,1,55,0.9166666666666666,0.9166666666666666,2026-01-01T00:55:00Z,29.865984405458097,29.85380116959065,NORMAL,NORMAL,0.0,35.0,10.0,0.24208641975308645,0.0,0.0,0.0,0.2,0,-5.0,M1,1.0,M1,M1,0,5.0,-5.0,0.41666666666666663,0.0,0.0,,requested_mode_matches_applied_mode
fis,restrictive,1,60,1.0,1.0,2026-01-01T01:00:00Z,29.85380116959065,29.841617933723203,NORMAL,NORMAL,0.0,35.0,10.0,0.24208641975308645,0.0,0.0,0.0,0.2,0,-5.0,M1,1.0,M1,M1,0,5.0,-5.0,0.41666666666666663,0.0,0.0,,requested_mode_matches_applied_mode
fis,restrictive,1,65,1.0833333333333333,1.0833333333333333,2026-01-01T01:05:00Z,29.841617933723203,29.82943469785576,NORMAL,NORMAL,0.0,35.0,10.0,0.24208641975308645,0.0,0.0,0.0,0.2,0,-5.0,M1,1.0,M1,M1,0,5.0,-5.0,0.41666666666666663,0.0,0.0,,requested_mode_matches_applied_mode
fis,restrictive,1,70,1.1666666666666667,1.1666666666666667,2026-01-01T01:10:00Z,29.82943469785576,29.817251461988313,NORMAL,NORMAL,0.0,35.0,10.0,0.24208641975308645,0.0,0.0,0.0,0.2,0,-5.0,M1,1.0,M1,M1,0,5.0,-5.0,0.41666666666666663,0.0,0.0,,requested_mode_matches_applied_mode
fis,restrictive,1,75,1.25,1.25,2026-01-01T01:15:00Z,29.817251461988313,29.805068226120866,NORMAL,NORMAL,0.0,35.0,10.0,0.24208641975308645,0.0,0.0,0.0,0.2,0,-5.0,M1,1.0,M1,M1,0,5.0,-5.0,0.41666666666666663,0.0,0.0,,requested_mode_matches_applied_mode
fis,restrictive,1,80,1.3333333333333333,1.3333333333333333,2026-01-01T01:20:00Z,29.805068226120866,29.792884990253416,NORMAL,NORMAL,0.0,35.0,10.0,0.24208641975308645,0.0,0.0,0.0,0.2,0,-5.0,M1,1.0,M1,M1,0,5.0,-5.0,0.41666666666666663,0.0,0.0,,requested_mode_matches_applied_mode
fis,restrictive,1,85,1.4166666666666667,1.4166666666666667,2026-01-01T01:25:00Z,29.792884990253416,29.78070175438597,NORMAL,NORMAL,0.0,35.0,10.0,0.24208641975308645,0.0,0.0,0.0,0.2,0,-5.0,M1,1.0,M1,M1,0,5.0,-5.0,0.41666666666666663,0.0,0.0,,requested_mode_matches_applied_mode
fis,restrictive,1,90,1.5,1.5,2026-01-01T01:30:00Z,29.78070175438597,29.76851851851853,NORMAL,NORMAL,0.0,35.0,10.0,0.24208641975308645,0.0,0.0,0.0,0.2,0,-5.0,M1,1.0,M1,M1,0,5.0,-5.0,0.41666666666666663,0.0,0.0,,requested_mode_matches_applied_mode
fis,restrictive,1,95,1.5833333333333333,1.5833333333333333,2026-01-01T01:35:00Z,29.76851851851853,29.75633528265108,NORMAL,NORMAL,0.0,35.0,10.0,0.24208641975308645,0.0,0.0,0.0,0.2,0,-5.0,M1,1.0,M1,M1,0,5.0,-5.0,0.41666666666666663,0.0,0.0,,requested_mode_matches_applied_mode
fis,restrictive,1,100,1.6666666666666667,1.6666666666666667,2026-01-01T01:40:00Z,29.75633528265108,29.744152046783633,NORMAL,NORMAL,0.0,35.0,10.0,0.24208641975308645,0.0,0.0,0.0,0.2,0,-5.0,M1,1.0,M1,M1,0,5.0,-5.0,0.41666666666666663,0.0,0.0,,requested_mode_matches_applied_mode
fis,restrictive,1,105,1.75,1.75,2026-01-01T01:45:00Z,29.744152046783633,29.73196881091619,NORMAL,NORMAL,0.0,35.0,10.0,0.24208641975308645,0.0,0.0,0.0,0.2,0,-5.0,M1,1.0,M1,M1,0,5.0,-5.0,0.41666666666666663,0.0,0.0,,requested_mode_matches_applied_mode
fis,restrictive,1,110,1.8333333333333333,1.8333333333333333,2026-01-01T01:50:00Z,29.73196881091619,29.719785575048743,NORMAL,NORMAL,0.0,35.0,10.0,0.24208641975308645,0.0,0.0,0.0,0.2,0,-5.0,M1,1.0,M1,M1,0,5.0,-5.0,0.41666666666666663,0.0,0.0,,requested_mode_matches_applied_mode
fis,restrictive,1,115,1.9166666666666667,1.9166666666666667,2026-01-01T01:55:00Z,29.719785575048743,29.707602339181296,NORMAL,NORMAL,0.0,35.0,10.0,0.24208641975308645,0.0,0.0,0.0,0.2,0,-5.0,M1,1.0,M1,M1,0,5.0,-5.0,0.41666666666666663,0.0,0.0,,requested_mode_matches_applied_mode
fis,restrictive,1,120,2.0,2.0,2026-01-01T02:00:00Z,29.707602339181296,29.69541910331385,NORMAL,NORMAL,0.0,35.0,10.0,0.24208641975308645,0.0,0.0,0.0,0.2,0,-5.0,M1,1.0,M1,M1,0,5.0,-5.0,0.41666666666666663,0.0,0.0,,requested_mode_matches_applied_mode
fis,restrictive,1,125,2.0833333333333335,2.0833333333333335,2026-01-01T02:05:00Z,29.69541910331385,29.683235867446403,NORMAL,NORMAL,0.0,35.0,10.0,0.24208641975308645,0.0,0.0,0.0,0.2,0,-5.0,M1,1.0,M1,M1,0,5.0,-5.0,0.41666666666666663,0.0,0.0,,requested_mode_matches_applied_mode
fis,restrictive,1,130,2.1666666666666665,2.1666666666666665,2026-01-01T02:10:00Z,29.683235867446403,29.67105263157896,NORMAL,NORMAL,0.0,35.0,10.0,0.24208641975308645,0.0,0.0,0.0,0.2,0,-5.0,M1,1.0,M1,M1,0,5.0,-5.0,0.41666666666666663,0.0,0.0,,requested_mode_matches_applied_mode
fis,restrictive,1,135,2.25,2.25,2026-01-01T02:15:00Z,29.67105263157896,29.658869395711513,NORMAL,NORMAL,0.0,35.0,10.0,0.24208641975308645,0.0,0.0,0.0,0.2,0,-5.0,M1,1.0,M1,M1,0,5.0,-5.0,0.41666666666666663,0.0,0.0,,requested_mode_matches_applied_mode
fis,restrictive,1,140,2.3333333333333335,2.3333333333333335,2026-01-01T02:20:00Z,29.658869395711513,29.646686159844066,NORMAL,NORMAL,0.0,35.0,10.0,0.24208641975308645,0.0,0.0,0.0,0.2,0,-5.0,M1,1.0,M1,M1,0,5.0,-5.0,0.41666666666666663,0.0,0.0,,requested_mode_matches_applied_mode
fis,restrictive,1,145,2.4166666666666665,2.4166666666666665,2026-01-01T02:25:00Z,29.646686159844066,29.634502923976623,NORMAL,NORMAL,0.0,35.0,10.0,0.24208641975308645,0.0,0.0,0.0,0.2,0,-5.0,M1,1.0,M1,M1,0,5.0,-5.0,0.41666666666666663,0.0,0.0,,requested_mode_matches_applied_mode
fis,restrictive,1,150,2.5,2.5,2026-01-01T02:30:00Z,29.634502923976623,29.622319688109176,NORMAL,NORMAL,0.0,35.0,10.0,0.24208641975308645,0.0,0.0,0.0,0.2,0,-5.0,M1,1.0,M1,M1,0,5.0,-5.0,0.41666666666666663,0.0,0.0,,requested_mode_matches_applied_mode
fis,restrictive,1,155,2.5833333333333335,2.5833333333333335,2026-01-01T02:35:00Z,29.622319688109176,29.61013645224173,NORMAL,NORMAL,0.0,35.0,10.0,0.24208641975308645,0.0,0.0,0.0,0.2,0,-5.0,M1,1.0,M1,M1,0,5.0,-5.0,0.41666666666666663,0.0,0.0,,requested_mode_matches_applied_mode
fis,restrictive,1,160,2.6666666666666665,2.6666666666666665,2026-01-01T02:40:00Z,29.61013645224173,29.597953216374282,NORMAL,NORMAL,0.0,35.0,10.0,0.24208641975308645,0.0,0.0,0.0,0.2,0,-5.0,M1,1.0,M1,M1,0,5.0,-5.0,0.41666666666666663,0.0,0.0,,requested_mode_matches_applied_mode
fis,restrictive,1,165,2.75,2.75,2026-01-01T02:45:00Z,29.597953216374282,29.585769980506836,NORMAL,NORMAL,0.0,35.0,10.0,0.24208641975308645,0.0,0.0,0.0,0.2,0,-5.0,M1,1.0,M1,M1,0,5.0,-5.0,0.41666666666666663,0.0,0.0,,requested_mode_matches_applied_mode
fis,restrictive,1,170,2.8333333333333335,2.8333333333333335,2026-01-01T02:50:00Z,29.585769980506836,29.573586744639393,NORMAL,NORMAL,0.0,35.0,10.0,0.24208641975308645,0.0,0.0,0.0,0.2,0,-5.0,M1,1.0,M1,M1,0,5.0,-5.0,0.41666666666666663,0.0,0.0,,requested_mode_matches_applied_mode
fis,restrictive,1,175,2.9166666666666665,2.9166666666666665,2026-01-01T02:55:00Z,29.573586744639393,29.561403508771946,NORMAL,NORMAL,0.0,35.0,10.0,0.24208641975308645,0.0,0.0,0.0,0.2,0,-5.0,M1,1.0,M1,M1,0,5.0,-5.0,0.41666666666666663,0.0,0.0,,requested_mode_matches_applied_mode
fis,restrictive,1,180,3.0,3.0,2026-01-01T03:00:00Z,29.561403508771946,29.5492202729045,NORMAL,NORMAL,0.0,35.0,10.0,0.24208641975308645,0.0,0.0,0.0,0.2,0,-5.0,M1,1.0,M1,M1,0,5.0,-5.0,0.41666666666666663,0.0,0.0,,requested_mode_matches_applied_mode
fis,restrictive,1,185,3.0833333333333335,3.0833333333333335,2026-01-01T03:05:00Z,29.5492202729045,29.537037037037056,NORMAL,NORMAL,0.0,35.0,10.0,0.24208641975308645,0.0,0.0,0.0,0.2,0,-5.0,M1,1.0,M1,M1,0,5.0,-5.0,0.41666666666666663,0.0,0.0,,requested_mode_matches_applied_mode
fis,restrictive,1,190,3.1666666666666665,3.1666666666666665,2026-01-01T03:10:00Z,29.537037037037056,29.52485380116961,NORMAL,NORMAL,0.0,35.0,10.0,0.24208641975308645,0.0,0.0,0.0,0.2,0,-5.0,M1,1.0,M1,M1,0,5.0,-5.0,0.41666666666666663,0.0,0.0,,requested_mode_matches_applied_mode
fis,restrictive,1,195,3.25,3.25,2026-01-01T03:15:00Z,29.52485380116961,29.512670565302162,NORMAL,NORMAL,0.0,35.0,10.0,0.24208641975308645,0.0,0.0,0.0,0.2,0,-5.0,M1,1.0,M1,M1,0,5.0,-5.0,0.41666666666666663,0.0,0.0,,requested_mode_matches_applied_mode
fis,restrictive,1,200,3.3333333333333335,3.3333333333333335,2026-01-01T03:20:00Z,29.512670565302162,29.500487329434716,NORMAL,NORMAL,0.0,35.0,10.0,0.24208641975308645,0.0,0.0,0.0,0.2,0,-5.0,M1,1.0,M1,M1,0,5.0,-5.0,0.41666666666666663,0.0,0.0,,requested_mode_matches_applied_mode
fis,restrictive,1,205,3.4166666666666665,3.4166666666666665,2026-01-01T03:25:00Z,29.500487329434716,29.48830409356727,NORMAL,NORMAL,0.0,35.0,10.0,0.24208641975308645,0.0,0.0,0.0,0.2,0,-5.0,M1,1.0,M1,M1,0,5.0,-5.0,0.41666666666666663,0.0,0.0,,requested_mode_matches_applied_mode
fis,restrictive,1,210,3.5,3.5,2026-01-01T03:30:00Z,29.48830409356727,29.476120857699826,NORMAL,NORMAL,0.0,35.0,10.0,0.24208641975308645,0.0,0.0,0.0,0.2,0,-5.0,M1,1.0,M1,M1,0,5.0,-5.0,0.41666666666666663,0.0,0.0,,requested_mode_matches_applied_mode
fis,restrictive,1,215,3.5833333333333335,3.5833333333333335,2026-01-01T03:35:00Z,29.476120857699826,29.46393762183238,NORMAL,NORMAL,0.0,35.0,10.0,0.24208641975308645,0.0,0.0,0.0,0.2,0,-5.0,M1,1.0,M1,M1,0,5.0,-5.0,0.41666666666666663,0.0,0.0,,requested_mode_matches_applied_mode
fis,restrictive,1,220,3.6666666666666665,3.6666666666666665,2026-01-01T03:40:00Z,29.46393762183238,29.451754385964932,NORMAL,NORMAL,0.0,35.0,10.0,0.24208641975308645,0.0,0.0,0.0,0.2,0,-5.0,M1,1.0,M1,M1,0,5.0,-5.0,0.41666666666666663,0.0,0.0,,requested_mode_matches_applied_mode
fis,restrictive,1,225,3.75,3.75,2026-01-01T03:45:00Z,29.451754385964932,29.43957115009749,NORMAL,NORMAL,0.0,35.0,10.0,0.24208641975308645,0.0,0.0,0.0,0.2,0,-5.0,M1,1.0,M1,M1,0,5.0,-5.0,0.41666666666666663,0.0,0.0,,requested_mode_matches_applied_mode
fis,restrictive,1,230,3.8333333333333335,3.8333333333333335,2026-01-01T03:50:00Z,29.43957115009749,29.427387914230042,NORMAL,NORMAL,0.0,35.0,10.0,0.24208641975308645,0.0,0.0,0.0,0.2,0,-5.0,M1,1.0,M1,M1,0,5.0,-5.0,0.41666666666666663,0.0,0.0,,requested_mode_matches_applied_mode
fis,restrictive,1,235,3.9166666666666665,3.9166666666666665,2026-01-01T03:55:00Z,29.427387914230042,29.415204678362596,NORMAL,NORMAL,0.0,35.0,10.0,0.24208641975308645,0.0,0.0,0.0,0.2,0,-5.0,M1,1.0,M1,M1,0,5.0,-5.0,0.41666666666666663,0.0,0.0,,requested_mode_matches_applied_mode
fis,restrictive,1,240,4.0,4.0,2026-01-01T04:00:00Z,29.415204678362596,29.40302144249515,NORMAL,NORMAL,0.0,35.0,10.0,0.24208641975308645,0.0,0.0,0.0,0.2,0,-5.0,M1,1.0,M1,M1,0,5.0,-5.0,0.41666666666666663,0.0,0.0,,requested_mode_matches_applied_mode
fis,restrictive,1,245,4.083333333333333,4.083333333333333,2026-01-01T04:05:00Z,29.40302144249515,29.390838206627702,NORMAL,NORMAL,0.0,35.0,10.0,0.24208641975308645,0.0,0.0,0.0,0.2,0,-5.0,M1,1.0,M1,M1,0,5.0,-5.0,0.41666666666666663,0.0,0.0,,requested_mode_matches_applied_mode
fis,restrictive,1,250,4.166666666666667,4.166666666666667,2026-01-01T04:10:00Z,29.390838206627702,29.37865497076026,NORMAL,NORMAL,0.0,35.0,10.0,0.24208641975308645,0.0,0.0,0.0,0.2,0,-5.0,M1,1.0,M1,M1,0,5.0,-5.0,0.41666666666666663,0.0,0.0,,requested_mode_matches_applied_mode
fis,restrictive,1,255,4.25,4.25,2026-01-01T04:15:00Z,29.37865497076026,29.366471734892812,NORMAL,NORMAL,0.0,35.0,10.0,0.24208641975308645,0.0,0.0,0.0,0.2,0,-5.0,M1,1.0,M1,M1,0,5.0,-5.0,0.41666666666666663,0.0,0.0,,requested_mode_matches_applied_mode
fis,restrictive,1,260,4.333333333333333,4.333333333333333,2026-01-01T04:20:00Z,29.366471734892812,29.354288499025362,NORMAL,NORMAL,0.0,35.0,10.0,0.24208641975308645,0.0,0.0,0.0,0.2,0,-5.0,M1,1.0,M1,M1,0,5.0,-5.0,0.41666666666666663,0.0,0.0,,requested_mode_matches_applied_mode
fis,restrictive,1,265,4.416666666666667,4.416666666666667,2026-01-01T04:25:00Z,29.354288499025362,29.342105263157922,NORMAL,NORMAL,0.0,35.0,10.0,0.24208641975308645,0.0,0.0,0.0,0.2,0,-5.0,M1,1.0,M1,M1,0,5.0,-5.0,0.41666666666666663,0.0,0.0,,requested_mode_matches_applied_mode
fis,restrictive,1,270,4.5,4.5,2026-01-01T04:30:00Z,29.342105263157922,29.329922027290475,NORMAL,NORMAL,0.0,35.0,10.0,0.24208641975308645,0.0,0.0,0.0,0.2,0,-5.0,M1,1.0,M1,M1,0,5.0,-5.0,0.41666666666666663,0.0,0.0,,requested_mode_matches_applied_mode
fis,restrictive,1,275,4.583333333333333,4.583333333333333,2026-01-01T04:35:00Z,29.329922027290475,29.317738791423025,NORMAL,NORMAL,0.0,35.0,10.0,0.24208641975308645,0.0,0.0,0.0,0.2,0,-5.0,M1,1.0,M1,M1,0,5.0,-5.0,0.41666666666666663,0.0,0.0,,requested_mode_matches_applied_mode
fis,restrictive,1,280,4.666666666666667,4.666666666666667,2026-01-01T04:40:00Z,29.317738791423025,29.30555555555558,NORMAL,NORMAL,0.0,35.0,10.0,0.24208641975308645,0.0,0.0,0.0,0.2,0,-5.0,M1,1.0,M1,M1,0,5.0,-5.0,0.41666666666666663,0.0,0.0,,requested_mode_matches_applied_mode
fis,restrictive,1,285,4.75,4.75,2026-01-01T04:45:00Z,29.30555555555558,29.29337231968813,NORMAL,NORMAL,0.0,35.0,10.0,0.24208641975308645,0.0,0.0,0.0,0.2,0,-5.0,M1,1.0,M1,M1,0,5.0,-5.0,0.41666666666666663,0.0,0.0,,requested_mode_matches_applied_mode
fis,restrictive,1,290,4.833333333333333,4.833333333333333,2026-01-01T04:50:00Z,29.29337231968813,29.28118908382069,NORMAL,NORMAL,0.0,35.0,10.0,0.24208641975308645,0.0,0.0,0.0,0.2,0,-5.0,M1,1.0,M1,M1,0,5.0,-5.0,0.41666666666666663,0.0,0.0,,requested_mode_matches_applied_mode
fis,restrictive,1,295,4.916666666666667,4.916666666666667,2026-01-01T04:55:00Z,29.28118908382069,29.269005847953242,NORMAL,NORMAL,0.0,35.0,10.0,0.24208641975308645,0.0,0.0,0.0,0.2,0,-5.0,M1,1.0,M1,M1,0,5.0,-5.0,0.41666666666666663,0.0,0.0,,requested_mode_matches_applied_mode
fis,restrictive,1,300,5.0,5.0,2026-01-01T05:00:00Z,29.269005847953242,29.256822612085795,NORMAL,NORMAL,0.0,35.0,10.0,0.24208641975308645,0.0,0.0,0.0,0.2,0,-5.0,M1,1.0,M1,M1,0,5.0,-5.0,0.41666666666666663,0.0,0.0,,requested_mode_matches_applied_mode
fis,restrictive,1,305,5.083333333333333,5.083333333333333,2026-01-01T05:05:00Z,29.256822612085795,29.244639376218352,NORMAL,NORMAL,0.0,35.0,10.0,0.24208641975308645,0.0,0.0,0.0,0.2,0,-5.0,M1,1.0,M1,M1,0,5.0,-5.0,0.41666666666666663,0.0,0.0,,requested_mode_matches_applied_mode
fis,restrictive,1,310,5.166666666666667,5.166666666666667,2026-01-01T05:10:00Z,29.244639376218352,29.232456140350905,NORMAL,NORMAL,0.0,35.0,10.0,0.24208641975308645,0.0,0.0,0.0,0.2,0,-5.0,M1,1.0,M1,M1,0,5.0,-5.0,0.41666666666666663,0.0,0.0,,requested_mode_matches_applied_mode
fis,restrictive,1,315,5.25,5.25,2026-01-01T05:15:00Z,29.232456140350905,29.22027290448346,NORMAL,NORMAL,0.0,35.0,10.0,0.24208641975308645,0.0,0.0,0.0,0.2,0,-5.0,M1,1.0,M1,M1,0,5.0,-5.0,0.41666666666666663,0.0,0.0,,requested_mode_matches_applied_mode
fis,restrictive,1,320,5.333333333333333,5.333333333333333,2026-01-01T05:20:00Z,29.22027290448346,29.20808966861601,NORMAL,NORMAL,0.0,35.0,10.0,0.24208641975308645,0.0,0.0,0.0,0.2,0,-5.0,M1,1.0,M1,M1,0,5.0,-5.0,0.41666666666666663,0.0,0.0,,requested_mode_matches_applied_mode
fis,restrictive,1,325,5.416666666666667,5.416666666666667,2026-01-01T05:25:00Z,29.20808966861601,29.195906432748565,NORMAL,NORMAL,0.0,35.0,10.0,0.24208641975308645,0.0,0.0,0.0,0.2,0,-5.0,M1,1.0,M1,M1,0,5.0,-5.0,0.41666666666666663,0.0,0.0,,requested_mode_matches_applied_mode
fis,restrictive,1,330,5.5,5.5,2026-01-01T05:30:00Z,29.195906432748565,29.18372319688112,NORMAL,NORMAL,0.0,35.0,10.0,0.24208641975308645,0.0,0.0,0.0,0.7,2,-5.0,M1,1.0,M1,M1,0,5.0,-5.0,0.41666666666666663,0.0,0.0,,requested_mode_matches_applied_mode
fis,restrictive,1,335,5.583333333333333,5.583333333333333,2026-01-01T05:35:00Z,29.18372319688112,29.171539961013675,NORMAL,NORMAL,0.0,35.0,10.0,0.24208641975308645,0.0,0.0,0.0,0.7,2,-5.0,M1,1.0,M1,M1,0,5.0,-5.0,0.41666666666666663,0.0,0.0,,requested_mode_matches_applied_mode
fis,restrictive,1,340,5.666666666666667,5.666666666666667,2026-01-01T05:40:00Z,29.171539961013675,29.15935672514623,NORMAL,NORMAL,0.0,35.0,10.0,0.24208641975308645,0.0,0.0,0.0,0.7,2,-5.0,M1,1.0,M1,M1,0,5.0,-5.0,0.41666666666666663,0.0,0.0,,requested_mode_matches_applied_mode
fis,restrictive,1,345,5.75,5.75,2026-01-01T05:45:00Z,29.15935672514623,29.147173489278785,NORMAL,NORMAL,0.0,35.0,10.0,0.24208641975308645,0.0,0.0,0.0,0.7,2,-5.0,M1,1.0,M1,M1,0,5.0,-5.0,0.41666666666666663,0.0,0.0,,requested_mode_matches_applied_mode
fis,restrictive,1,350,5.833333333333333,5.833333333333333,2026-01-01T05:50:00Z,29.147173489278785,29.13499025341134,NORMAL,NORMAL,0.0,35.0,10.0,0.24208641975308645,0.0,0.0,0.0,0.7,2,-5.0,M1,1.0,M1,M1,0,5.0,-5.0,0.41666666666666663,0.0,0.0,,requested_mode_matches_applied_mode
fis,restrictive,1,355,5.916666666666667,5.916666666666667,2026-01-01T05:55:00Z,29.13499025341134,29.12280701754389,NORMAL,NORMAL,0.0,35.0,10.0,0.24208641975308645,0.0,0.0,0.0,0.7,2,-5.0,M1,1.0,M1,M1,0,5.0,-5.0,0.41666666666666663,0.0,0.0,,requested_mode_matches_applied_mode
fis,restrictive,1,360,6.0,6.0,2026-01-01T06:00:00Z,29.12280701754389,29.110623781676445,NORMAL,NORMAL,0.0,35.0,10.0,0.24208641975308645,0.0,0.0,0.0,0.7,2,-5.0,M1,1.0,M1,M1,0,5.0,-5.0,0.41666666666666663,0.0,0.0,,requested_mode_matches_applied_mode
fis,restrictive,1,365,6.083333333333333,6.083333333333333,2026-01-01T06:05:00Z,29.110623781676445,29.105206263141035,NORMAL,NORMAL,9.643332015559583,35.0,10.0,0.24208641975308645,7.111957361475193,3.0851671034079384,2.7766503930671447,0.7,2,-2.2233496069328553,M1,1.0,M1,M1,0,5.0,-2.2233496069328553,0.18527913391107126,0.0,0.0,,requested_mode_matches_applied_mode
fis,restrictive,1,370,6.166666666666667,6.166666666666667,2026-01-01T06:10:00Z,29.105206263141035,29.10807552536356,NORMAL,NORMAL,22.148232774304606,35.0,10.0,0.24208641975308645,16.334321671049647,7.085828740901337,6.3772458668112035,0.7,2,1.3772458668112035,M1,1.0000000000000002,M1,M1,0,5.0,1.3772458668112035,0.0,0.0,0.0,,requested_mode_matches_applied_mode
fis,restrictive,1,375,6.25,6.25,2026-01-01T06:15:00Z,29.10807552536356,29.119260894572097,NORMAL,NORMAL,36.011551992577694,35.0,10.0,0.24208641975308645,26.55851959452605,11.5210858001054,10.36897722009486,0.7,2,5.368977220094861,M1,0.9999999999999998,M1,M1,0,5.0,5.368977220094861,0.0,0.0,0.0,,requested_mode_matches_applied_mode
fis,restrictive,1,380,6.333333333333333,6.333333333333333,2026-01-01T06:20:00Z,29.119260894572097,29.139332419128024,NORMAL,NORMAL,50.825167114590315,35.0,10.0,0.24208641975308645,37.48356074701036,16.260368652053092,14.634331786847783,0.7,2,9.634331786847783,M1,1.0000000000000002,M1,M1,0,5.0,9.634331786847783,0.0,0.0,0.0,,requested_mode_matches_applied_mode
fis,restrictive,1,385,6.416666666666667,6.416666666666667,2026-01-01T06:25:00Z,29.139332419128024,29.16873117757501,NORMAL,NORMAL,66.37407973352572,35.0,10.0,0.24208641975308645,48.95088380347522,21.23489339394755,19.111404054552796,0.7,2,14.111404054552796,M1,1.0,M1,M1,0,5.0,14.111404054552796,0.0,0.0,0.0,,requested_mode_matches_applied_mode
fis,restrictive,1,390,6.5,6.5,2026-01-01T06:30:00Z,29.16873117757501,29.207815474398362,NORMAL,NORMAL,82.52030182257455,35.0,10.0,0.24208641975308645,60.85872259414874,26.400513861341718,23.760462475207547,0.7,2,18.760462475207547,M1,1.0000000000000002,M1,M1,0,5.0,18.760462475207547,0.0,0.0,0.0,,requested_mode_matches_applied_mode
fis,restrictive,1,395,6.583333333333333,6.583333333333333,2026-01-01T06:35:00Z,29.207815474398362,29.256884378154957,NORMAL,NORMAL,99.16508446154575,35.0,10.0,0.24208641975308645,73.13424979038999,31.725637559071174,28.553073803164057,0.7,2,23.553073803164057,M1,1.0,M1,M1,0,5.0,23.553073803164057,0.0,0.0,0.0,,requested_mode_matches_applied_mode
fis,restrictive,1,400,6.666666666666667,6.666666666666667,2026-01-01T06:40:00Z,29.256884378154957,29.31619145966971,NORMAL,NORMAL,116.23258091314437,35.0,10.0,0.24208641975308645,85.72152842344398,37.185999030089995,33.467399127080995,0.7,2,28.467399127080995,M1,0.999999999999999,M1,M1,0,5.0,28.467399127080995,0.0,0.0,0.0,,requested_mode_matches_applied_mode
fis,restrictive,1,405,6.75,6.75,2026-01-01T06:45:00Z,29.31619145966971,29.385953550226475,NORMAL,NORMAL,133.6615447327835,35.0,10.0,0.24208641975308645,98.57538924042784,42.76200385249759,38.485803467247834,0.7,2,33.485803467247834,M1,0.9999999999999991,M1,M1,0,5.0,33.485803467247834,0.0,0.0,0.0,,requested_mode_matches_applied_mode
fis,restrictive,1,410,6.833333333333333,6.833333333333333,2026-01-01T06:50:00Z,29.385953550226475,29.466356685491633,NORMAL,NORMAL,151.40063826014523,35.0,10.0,0.2426042563614701,111.65797071685711,48.43722769697261,43.593504927275355,0.7,2,38.593504927275355,M1,1.0000000000000004,M1,M1,0,5.0,38.593504927275355,0.0,0.0,0.0,,requested_mode_matches_applied_mode
fis,restrictive,1,415,6.916666666666667,6.916666666666667,2026-01-01T06:55:00Z,29.466356685491633,29.55756033363794,NORMAL,NORMAL,169.4055723049358,35.0,10.0,0.24968557432130972,124.93660957489016,54.197501233587346,48.777751110228614,0.7,2,43.777751110228614,M1,1.0000000000000009,M1,M1,0,5.0,43.777751110228614,0.0,0.0,0.0,,requested_mode_matches_applied_mode
fis,restrictive,1,420,7.0,7.0,2026-01-01T07:00:00Z,29.55756033363794,29.65970051590116,NORMAL,NORMAL,187.6372597831489,35.0,10.0,0.2578215994575587,138.3824790900723,60.03031942927337,54.02728748634603,1.0,3,49.02728748634603,M1,0.9999999999999998,M1,M1,0,5.0,49.02728748634603,0.0,0.0,0.0,,requested_mode_matches_applied_mode
fis,restrictive,1,425,7.083333333333333,7.083333333333333,2026-01-01T07:05:00Z,29.65970051590116,29.772892179637665,NORMAL,NORMAL,206.0605696030889,35.0,10.0,0.2765434918263693,151.96967008227807,65.92444288169223,59.33199859352301,1.0,3,54.33199859352301,M1,1.0000000000000002,M1,M1,0,5.0,54.33199859352301,0.0,0.0,0.0,,requested_mode_matches_applied_mode
fis,restrictive,1,430,7.166666666666667,7.166666666666667,2026-01-01T07:10:00Z,29.772892179637665,29.897231048598037,NORMAL,NORMAL,224.6434551612089,35.0,10.0,0.3171704064598761,165.67454818139157,71.86961900108766,64.68265710097889,1.0,3,59.682657100978886,M1,1.0,M1,M1,0,5.0,59.682657100978886,0.0,0.0,0.0,,requested_mode_matches_applied_mode
fis,restrictive,1,435,7.25,7.25,2026-01-01T07:15:00Z,29.897231048598037,30.032795096797926,NORMAL,NORMAL,243.35632686206696,35.0,10.0,0.36230587455491087,179.4752910607744,77.85638126216394,70.07074313594754,1.0,3,65.07074313594754,M1,1.0,M1,M1,0,5.0,65.07074313594754,0.0,0.0,0.0,,requested_mode_matches_applied_mode
fis,restrictive,1,440,7.333333333333333,7.333333333333333,2026-01-01T07:20:00Z,30.032795096797926,30.179645744785873,NORMAL,NORMAL,262.1715893417327,35.0,10.0,0.412571396748165,193.3515471395279,83.8759011491272,75.48831103421449,1.0,3,70.48831103421449,M1,1.0,M1,M1,0,5.0,70.48831103421449,0.0,0.0,0.0,,requested_mode_matches_applied_mode
fis,restrictive,1,445,7.416666666666667,7.416666666666667,2026-01-01T07:25:00Z,30.179645744785873,30.337828847017274,NORMAL,NORMAL,281.06329323248883,35.0,10.0,0.46223537467619785,207.28417875896054,89.91987674563708,80.92788907107338,1.0,3,75.92788907107338,M1,0.9999999999999998,M1,M1,0,5.0,75.92788907107338,0.0,0.0,0.0,,requested_mode_matches_applied_mode
fis,restrictive,1,450,7.5,7.5,2026-01-01T07:30:00Z,30.337828847017274,30.507375519354166,NORMAL,NORMAL,300.00686864544195,35.0,10.0,0.5000134451718404,221.25506562601345,95.98044746856463,86.38240272170817,1.0,3,81.38240272170817,M1,1.0,M1,M1,0,5.0,81.38240272170817,0.0,0.0,0.0,,requested_mode_matches_applied_mode
fis,restrictive,1,455,7.583333333333333,7.583333333333333,2026-01-01T07:35:00Z,30.507375519354166,30.688302842443726,NORMAL,NORMAL,318.9789182548796,35.0,10.0,0.5374003788436853,235.24695221297372,102.05012786998799,91.8451150829892,1.0,3,86.8451150829892,M1,1.0,M1,M1,0,5.0,86.8451150829892,0.0,0.0,0.0,,requested_mode_matches_applied_mode
fis,restrictive,1,460,7.666666666666667,7.666666666666667,2026-01-01T07:40:00Z,30.688302842443726,30.880614467559212,NORMAL,NORMAL,337.95705469879323,35.0,10.0,0.5805977205981157,249.24332784036002,108.12175561714817,97.30958005543336,1.0,3,92.30958005543336,M1,1.0000000000000002,M1,M1,0,5.0,92.30958005543336,0.0,0.0,0.0,,requested_mode_matches_applied_mode
fis,restrictive,1,465,7.75,7.75,2026-01-01T07:45:00Z,30.880614467559212,31.08430114500669,NORMAL,NORMAL,356.91977149263414,35.0,10.0,0.6116753022452502,263.2283314758177,114.18845019420971,102.76960517478874,1.0,3,97.76960517478874,M1,0.9999999999999998,M1,M1,0,5.0,97.76960517478874,0.0,0.0,0.0,,requested_mode_matches_applied_mode
fis,restrictive,1,470,7.833333333333333,7.833333333333333,2026-01-01T07:50:00Z,31.08430114500669,31.29934119052978,NORMAL,NORMAL,375.8463396692638,35.0,10.0,0.6116753022452502,277.18667550608205,120.2435798345384,108.21922185108455,1.0,3,103.21922185108455,M1,1.0000000000000002,M1,M1,0,5.0,103.21922185108455,0.0,0.0,0.0,,requested_mode_matches_applied_mode
fis,restrictive,1,475,7.916666666666667,7.916666666666667,2026-01-01T07:55:00Z,31.29934119052978,31.52570090171781,NORMAL,NORMAL,394.71672443236906,35.0,10.0,0.6116753022452502,291.1035842688722,126.28073485583677,113.6526613702531,1.0,3,108.6526613702531,M1,0.9999999999999998,M1,M1,0,5.0,108.6526613702531,0.0,0.0,0.0,,requested_mode_matches_applied_mode
fis,restrictive,1,480,8.0,8.0,2026-01-01T08:00:00Z,31.52570090171781,31.763334933868617,NORMAL,NORMAL,413.5115175656589,35.0,10.0,0.6116753022452502,304.9647442046734,132.29370603598733,119.0643354323886,1.0,3,114.0643354323886,M1,0.9999999999999998,M1,M1,0,5.0,114.0643354323886,0.0,0.0,0.0,,requested_mode_matches_applied_mode
fis,restrictive,1,485,8.083333333333334,8.083333333333334,2026-01-01T08:05:00Z,31.763334933868617,32.012186642826606,NORMAL,NORMAL,432.2118823790214,35.0,10.0,0.6116753022452502,318.7562632545283,138.27646699981435,124.44882029983292,1.0,3,119.44882029983292,M1,0.9999999999999998,M1,M1,0,5.0,119.44882029983292,0.0,0.0,0.0,,requested_mode_matches_applied_mode
fis,restrictive,1,490,8.166666666666666,8.166666666666666,2026-01-01T08:10:00Z,32.012186642826606,32.27218840083761,NORMAL,NORMAL,450.79950872647515,35.0,10.0,0.6116753022452502,332.4646376857755,144.2231598280894,129.80084384528047,1.0,3,124.80084384528047,M1,0.9999999999999998,M1,M1,0,5.0,124.80084384528047,0.0,0.0,0.0,,requested_mode_matches_applied_mode
fis,restrictive,1,495,8.25,8.25,2026-01-01T08:15:00Z,32.27218840083761,32.54326189031641,NORMAL,NORMAL,469.2565761854894,35.0,10.0,0.6116753022452502,346.0767249367984,150.12808327758316,135.11527494982485,1.0,3,130.11527494982485,M1,1.0000000000000002,M1,M1,0,5.0,130.11527494982485,0.0,0.0,0.0,,requested_mode_matches_applied_mode
fis,restrictive,1,500,8.333333333333334,8.333333333333334,2026-01-01T08:20:00Z,32.54326189031641,32.825318379524745,NORMAL,NORMAL,487.5657239010053,35.0,10.0,0.6116753022452502,359.5797213769914,155.98568313333888,140.387114820005,1.0,3,135.387114820005,M1,0.9999999999999993,M1,M1,0,5.0,135.387114820005,0.0,0.0,0.0,,requested_mode_matches_applied_mode
fis,restrictive,1,505,8.416666666666666,8.416666666666666,2026-01-01T08:25:00Z,32.825318379524745,33.118258983447355,NORMAL,NORMAL,505.7100259098641,35.0,10.0,0.6116753022452502,372.9611441085248,161.79054431427807,145.61148988285026,1.0,3,140.61148988285026,M1,1.0000000000000002,M1,M1,0,5.0,140.61148988285026,0.0,0.0,0.0,,requested_mode_matches_applied_mode
fis,restrictive,1,510,8.5,8.5,2026-01-01T08:30:00Z,33.118258983447355,33.42197491258608,NORMAL,NORMAL,523.6729709998182,35.0,10.0,0.6116753022452502,386.2088161123659,167.53738442954432,150.7836459865899,1.0,3,145.7836459865899,M1,1.0000000000000004,M1,M1,0,5.0,145.7836459865899,0.0,0.0,0.0,,requested_mode_matches_applied_mode
fis,restrictive,1,515,8.583333333333334,8.583333333333334,2026-01-01T08:35:00Z,33.42197491258608,33.736347711935366,NORMAL,NORMAL,541.4384463412449,35.0,10.0,0.6116753022452502,399.31085417666816,173.22104854183866,155.8989436876548,1.0,3,150.8989436876548,M1,1.0000000000000004,M1,M1,0,5.0,150.8989436876548,0.0,0.0,0.0,,requested_mode_matches_applied_mode
fis,restrictive,1,520,8.666666666666666,8.666666666666666,2026-01-01T08:40:00Z,33.736347711935366,34.06124949203087,NORMAL,NORMAL,558.9907242729151,35.0,10.0,0.6116753022452502,412.2556591512749,178.83650493982304,160.95285444584076,1.0,3,155.95285444584076,M1,0.9999999999999998,M1,M1,0,5.0,155.95285444584076,0.0,0.0,0.0,,requested_mode_matches_applied_mode
fis,restrictive,1,525,8.75,8.75,2026-01-01T08:45:00Z,34.06124949203087,34.39654315365984,NORMAL,NORMAL,576.3144517357053,35.0,10.0,0.6116753022452502,425.0319081550827,184.37884175767488,165.94095758190738,1.0,3,160.94095758190738,M1,1.0,M1,M1,0,5.0,160.94095758190738,0.0,0.0,0.0,,requested_mode_matches_applied_mode
fis,restrictive,1,530,8.833333333333334,8.833333333333334,2026-01-01T08:50:00Z,34.39654315365984,34.7420826075714,NORMAL,NORMAL,593.3946419372817,35.0,10.0,0.6116753022452502,437.62854842874526,189.8432643083897,170.85893787755074,1.0,3,165.85893787755074,M1,1.0000000000000016,M1,M1,0,5.0,165.85893787755074,0.0,0.0,0.0,,requested_mode_matches_applied_mode
fis,restrictive,1,535,8.916666666666666,8.916666666666666,2026-01-01T08:55:00Z,34.7420826075714,35.09771299031761,NORMAL,NORMAL,610.2166679019552,35.0,10.0,0.6116753022452502,450.03479257769203,195.2250930202028,175.70258371818252,1.0,3,170.70258371818252,M1,1.0000000000000009,M1,M1,0,5.0,170.70258371818252,0.0,0.0,0.0,,requested_mode_matches_applied_mode
fis,restrictive,1,540,9.0,9.0,2026-01-01T09:00:00Z,35.09771299031761,35.46327087718308,NORMAL,NORMAL,626.7662576171249,35.0,10.0,0.6116753022452502,462.24011499262963,200.51976188380272,180.46778569542244,1.0,3,175.46778569542244,M1,1.0093561153154025,M1,M1,0,5.0,175.46778569542244,0.0,0.0,0.0,,requested_mode_matches_applied_mode
fis,restrictive,1,545,9.083333333333334,9.083333333333334,2026-01-01T09:05:00Z,35.46327087718308,35.83858449301547,NORMAL,NORMAL,643.0294905340588,35.0,10.0,0.6116753022452502,474.23424926886844,205.72281733283512,185.1505355995516,1.0,3,180.1505355995516,M1,1.0437775548833652,M1,M1,0,5.0,180.1505355995516,0.0,0.0,0.0,,requested_mode_matches_applied_mode
fis,restrictive,1,550,9.166666666666666,9.166666666666666,2026-01-01T09:10:00Z,35.83858449301547,36.223473921646814,NORMAL,NORMAL,658.9927952185128,35.0,10.0,0.6116753022452502,486.00718647365323,210.82991749227077,189.7469257430437,1.0,3,184.7469257430437,M1,1.078156141959682,M1,M1,0,5.0,184.7469257430437,0.0,0.0,0.0,,requested_mode_matches_applied_mode
fis,restrictive,1,555,9.25,9.25,2026-01-01T09:15:00Z,36.223473921646814,36.61775131449099,NORMAL,NORMAL,674.6429479776286,35.0,10.0,0.6116753022452502,497.54917413350114,215.83683173911277,194.25314856520149,1.0,3,189.25314856520149,M1,1.1125138586922578,M1,M1,0,5.0,189.25314856520149,0.0,0.0,0.0,,requested_mode_matches_applied_mode
fis,restrictive,1,560,9.333333333333334,9.333333333333334,2026-01-01T09:20:00Z,36.61775131449099,37.02122109881447,NORMAL,NORMAL,689.9670723150822,35.0,10.0,0.616872657618648,508.85071583237317,220.73944052808346,198.66549647527512,1.0,3,193.66549647527512,M1,1.1469993253325752,M1,M1,0,5.0,193.66549647527512,0.0,0.0,0.0,,requested_mode_matches_applied_mode
fis,restrictive,1,565,9.416666666666666,9.416666666666666,2026-01-01T09:25:00Z,37.02122109881447,37.43368018610098,NORMAL,NORMAL,704.9526390875933,35.0,10.0,0.6343803351870378,519.9025713271001,225.533735441696,202.9803618975264,1.0,3,197.9803618975264,M1,1.1817199250968107,M1,M1,0,5.0,197.9803618975264,0.0,0.0,0.0,,requested_mode_matches_applied_mode
fis,restrictive,1,570,9.5,9.5,2026-01-01T09:30:00Z,37.43368018610098,37.85491818086512,NORMAL,NORMAL,719.5874672535556,35.0,10.0,0.6672889786624585,530.6957570994973,230.21581942976192,207.19423748678574,1.0,3,202.19423748678574,M1,1.2167354198905205,M1,M1,0,5.0,202.19423748678574,0.0,0.0,0.0,,requested_mode_matches_applied_mode
fis,restrictive,1,575,9.583333333333334,9.583333333333334,2026-01-01T09:35:00Z,37.85491818086512,38.284717590213646,NORMAL,NORMAL,733.8597251193016,35.0,10.0,0.6931429584426119,541.221547275485,234.78190720810537,211.30371648729482,1.0,3,206.30371648729482,M1,1.2522636128410116,M1,M1,0,5.0,206.30371648729482,0.0,0.0,0.0,,requested_mode_matches_applied_mode
fis,restrictive,1,580,9.666666666666666,9.666666666666666,2026-01-01T09:40:00Z,38.284717590213646,38.722854034403674,NORMAL,NORMAL,747.7579320009604,35.0,10.0,0.7089537628074689,551.4714748507083,239.22832579023728,215.30549321121356,1.0,3,210.30549321121356,M1,1.2883567379495517,M1,M1,0,5.0,210.30549321121356,0.0,0.0,0.0,,requested_mode_matches_applied_mode
fis,restrictive,1,585,9.75,9.75,2026-01-01T09:45:00Z,38.722854034403674,39.16909645860408,NORMAL,NORMAL,761.2709602303687,35.0,10.0,0.7271849278375982,561.437333169897,243.5515151291013,219.19636361619118,1.0,3,214.19636361619118,M1,1.3252907793222068,M1,M1,0,5.0,214.19636361619118,0.0,0.0,0.0,,requested_mode_matches_applied_mode
fis,restrictive,1,590,9.833333333333334,9.833333333333334,2026-01-01T09:50:00Z,39.16909645860408,39.62320734602903,NORMAL,NORMAL,774.3880374424308,35.0,10.0,0.7481670260972595,571.1111776137927,247.74802884886327,222.97322596397694,1.0,3,217.97322596397694,M1,1.363162399221302,M1,M1,0,5.0,217.97322596397694,0.0,0.0,0.0,,requested_mode_matches_applied_mode
fis,restrictive,1,595,9.916666666666666,9.916666666666666,2026-01-01T09:55:00Z,39.62320734602903,40.08494293257953,NORMAL,NORMAL,787.0987490889426,35.0,10.0,0.7722873245588052,580.4853274530951,251.81453504915262,226.63308154423737,1.0,3,221.63308154423737,M1,1.4022756499909654,M1,M1,0,5.0,221.63308154423737,0.0,0.0,0.0,,requested_mode_matches_applied_mode
fis,restrictive,1,600,10.0,10.0,2026-01-01T10:00:00Z,40.08494293257953,40.55405342309958,NORMAL,NORMAL,799.393041130417,35.0,10.0,0.8000015451153901,589.5523678336826,255.7478171662515,230.17303544962635,0.95,3,225.17303544962635,M1,1.4428530822963257,M1,M1,0,5.0,225.17303544962635,0.0,0.0,0.0,,requested_mode_matches_applied_mode
fis,restrictive,1,605,10.083333333333334,10.083333333333334,2026-01-01T10:05:00Z,40.55405342309958,41.030283209328275,NORMAL,NORMAL,811.2612228630773,35.0,10.0,0.8014814814814811,598.3051518615196,259.5447748775272,233.59029738977446,0.95,3,228.59029738977446,M1,1.4852115176406766,M1,M1,0,5.0,228.59029738977446,0.0,0.0,0.0,,requested_mode_matches_applied_mode
fis,restrictive,1,610,10.166666666666666,10.166666666666666,2026-01-01T10:10:00Z,41.030283209328275,41.5133710896059,NORMAL,NORMAL,822.6939698430232,35.0,10.0,0.8014814814814811,606.7368027592296,263.2024250369538,236.88218253325843,0.95,3,231.88218253325843,M2,1.5297090286326498,M2,M1,0,5.0,231.88218253325843,0.0,0.0,0.0,,new_candidate_started
fis,restrictive,1,615,10.25,10.25,2026-01-01T10:15:00Z,41.5133710896059,42.003050490372196,NORMAL,NORMAL,833.682326873807,35.0,10.0,0.8014814814814811,614.8407160694327,266.71790263091987,240.04611236782787,0.95,3,235.04611236782787,M2,1.5766152738974932,M2,M1,0,5.0,235.04611236782787,0.0,0.0,0.0,,waiting_for_candidate_confirmation
fis,restrictive,1,620,10.333333333333334,10.333333333333334,2026-01-01T10:20:00Z,42.003050490372196,42.49904968947682,NORMAL,NORMAL,844.2177110273034,35.0,10.0,0.8014814814814811,622.6105618826363,270.0884617446876,243.07961557021886,0.95,3,238.07961557021886,M2,1.626279035097105,M2,M2,0,5.0,238.07961557021886,0.0,0.0,0.0,,candidate_confirmed_and_dwell_satisfied
fis,restrictive,1,625,10.416666666666666,10.416666666666666,2026-01-01T10:25:00Z,42.49904968947682,43.001092041305604,NORMAL,NORMAL,854.2919146709914,35.0,10.0,0.8014814814814811,630.0402870698563,273.31147653090363,245.98032887781326,0.95,3,240.98032887781326,M2,1.679159109066882,M2,M2,0,5.0,240.98032887781326,0.0,0.0,0.0,,requested_mode_matches_applied_mode
fis,restrictive,1,630,10.5,10.5,2026-01-01T10:30:00Z,43.001092041305604,43.50889620371229,NORMAL,NORMAL,863.8971084775652,35.0,10.0,0.8014814814814811,637.1241175022044,276.38444217245626,248.74599795521064,0.95,3,243.74599795521064,M2,1.735627195836089,M2,M2,0,5.0,243.74599795521064,0.0,0.0,0.0,,requested_mode_matches_applied_mode
fis,restrictive,1,635,10.583333333333334,10.583333333333334,2026-01-01T10:35:00Z,43.50889620371229,44.02217636673208,NORMAL,NORMAL,873.0258443952956,35.0,10.0,0.8014814814814811,643.8565602415306,279.304975832776,251.3744782494984,0.95,3,246.3744782494984,M2,1.796188181081014,M2,M2,0,5.0,246.3744782494984,0.0,0.0,0.0,,requested_mode_matches_applied_mode
fis,restrictive,1,640,10.666666666666666,10.666666666666666,2026-01-01T10:40:00Z,44.02217636673208,44.540642483041744,NORMAL,NORMAL,881.6710585597592,35.0,10.0,0.8014814814814811,650.2324056878225,282.0708175873774,253.86373582863968,0.95,3,248.86373582863968,M2,1.8615784995289912,M2,M2,0,5.0,248.86373582863968,0.0,0.0,0.0,,requested_mode_matches_applied_mode
fis,restrictive,1,645,10.75,10.75,2026-01-01T10:45:00Z,44.540642483041744,45.064000500120834,NORMAL,NORMAL,889.8260741295153,35.0,10.0,0.8014814814814811,656.2467296705175,284.6798313310705,256.21184819796343,0.95,3,251.21184819796343,M2,1.9324639715892316,M2,M2,0,5.0,251.21184819796343,0.0,0.0,0.0,,requested_mode_matches_applied_mode
fis,restrictive,1,650,10.833333333333334,10.833333333333334,2026-01-01T10:50:00Z,45.064000500120834,45.59195259405885,NORMAL,NORMAL,897.4846040300675,35.0,10.0,0.8014814814814811,661.8948954721749,287.13000565582945,258.4170050902465,0.95,3,253.4170050902465,M2,1.9999999999999976,M2,M2,0,5.0,253.4170050902465,0.0,0.0,0.0,,requested_mode_matches_applied_mode
fis,restrictive,1,655,10.916666666666666,10.916666666666666,2026-01-01T10:55:00Z,45.59195259405885,46.12419740494496,NORMAL,NORMAL,904.6407535920156,35.0,10.0,0.8014814814814811,667.1725557741115,289.4194546948096,260.4775092253286,0.95,3,255.47750922532862,M2,2.000000000000002,M2,M2,0,5.0,255.47750922532862,0.0,0.0,0.0,,requested_mode_matches_applied_mode
fis,restrictive,1,660,11.0,11.0,2026-01-01T11:00:00Z,46.12419740494496,46.66043027376915,NORMAL,NORMAL,911.2890230707287,35.0,10.0,0.8014814814814811,672.0756545146625,291.5464189284605,262.3917770356145,0.95,3,257.3917770356145,M2,1.9999999999999978,M2,M2,0,5.0,257.3917770356145,0.0,0.0,0.0,,requested_mode_matches_applied_mode
fis,restrictive,1,665,11.083333333333334,11.083333333333334,2026-01-01T11:05:00Z,46.66043027376915,47.200343480757034,NORMAL,NORMAL,917.4243100361533,35.0,10.0,0.8014814814814811,676.6004286516632,293.50926594909146,264.1583393541823,0.95,3,259.1583393541823,M2,2.0000000000000004,M2,M2,0,5.0,259.1583393541823,0.0,0.0,0.0,,requested_mode_matches_applied_mode
fis,restrictive,1,670,11.166666666666666,11.166666666666666,2026-01-01T11:10:00Z,47.200343480757034,47.74362648505404,NORMAL,NORMAL,923.0419116225485,35.0,10.0,0.8014814814814811,680.7434098216295,295.3064911806229,265.7758420625606,0.95,3,260.7758420625606,M2,2.000000000000002,M2,M2,0,5.0,260.7758420625606,0.0,0.0,0.0,,requested_mode_matches_applied_mode
fis,restrictive,1,675,11.25,11.25,2026-01-01T11:15:00Z,47.74362648505404,48.289966165669746,NORMAL,NORMAL,928.1375266290065,35.0,10.0,0.8014814814814811,684.5014258888923,296.9367185506015,267.24304669554135,0.95,3,262.24304669554135,M2,2.0000000000000013,M2,M2,0,5.0,262.24304669554135,0.0,0.0,0.0,,requested_mode_matches_applied_mode
fis,restrictive,1,680,11.333333333333334,11.333333333333334,2026-01-01T11:20:00Z,48.289966165669746,48.83904706358784,NORMAL,NORMAL,932.7072574626172,35.0,10.0,0.8014814814814811,687.8716023786802,298.39870111187145,268.55883100068434,0.95,3,263.55883100068434,M2,2.000000000000002,M2,M2,0,5.0,263.55883100068434,0.0,0.0,0.0,,requested_mode_matches_applied_mode
fis,restrictive,1,685,11.416666666666666,11.416666666666666,2026-01-01T11:25:00Z,48.83904706358784,49.39055162494291,NORMAL,NORMAL,936.7476119170401,35.0,10.0,0.8014814814814811,690.8513637888171,299.6913216115889,269.72218945043,0.95,3,264.72218945043,M2,2.000000000000002,M2,M2,0,5.0,264.72218945043,0.0,0.0,0.0,,requested_mode_matches_applied_mode
fis,restrictive,1,690,11.5,11.5,2026-01-01T11:30:00Z,49.39055162494291,49.94416044516163,NORMAL,NORMAL,940.2555047801078,35.0,10.0,0.8014814814814811,693.4384347753296,300.813593005538,270.7322337049842,0.95,3,265.7322337049842,M2,2.0000000000000018,M2,M2,0,5.0,265.7322337049842,0.0,0.0,0.0,,requested_mode_matches_applied_mode
fis,restrictive,1,695,11.583333333333334,11.583333333333334,2026-01-01T11:35:00Z,49.94416044516163,50.4995525139624,NORMAL,NORMAL,943.2282592648833,35.0,10.0,0.8014814814814811,695.6308412078514,301.7646589159659,271.58819302436933,0.95,3,266.58819302436933,M2,2.000000000000001,M2,M2,0,5.0,266.58819302436933,0.0,0.0,0.0,,requested_mode_matches_applied_mode
fis,restrictive,1,700,11.666666666666666,11.666666666666666,2026-01-01T11:40:00Z,50.4995525139624,51.05640546110459,NORMAL,NORMAL,945.663608259343,35.0,10.0,0.8014814814814811,697.4269110912655,302.543794031391,272.2894146282519,0.95,3,267.2894146282519,M2,1.9999999999999996,M2,M2,0,5.0,267.2894146282519,0.0,0.0,0.0,,requested_mode_matches_applied_mode
fis,restrictive,1,705,11.75,11.75,2026-01-01T11:45:00Z,51.05640546110459,51.61439580277618,NORMAL,NORMAL,947.5596953905817,35.0,10.0,0.8014814814814811,698.8252753505541,303.1504044470703,272.8353640023633,0.95,3,267.8353640023633,M2,1.9999999999999987,M2,M2,0,5.0,267.8353640023633,0.0,0.0,0.0,,requested_mode_matches_applied_mode
fis,restrictive,1,710,11.833333333333334,11.833333333333334,2026-01-01T11:50:00Z,51.61439580277618,52.173199188506445,NORMAL,NORMAL,948.915075900106,35.0,10.0,0.8014814814814811,699.8248684763282,303.5840279450312,273.2256251505281,0.95,3,268.2256251505281,M2,1.9999999999999996,M2,M2,0,5.0,268.2256251505281,0.0,0.0,0.0,,requested_mode_matches_applied_mode
fis,restrictive,1,715,11.916666666666666,11.916666666666666,2026-01-01T11:55:00Z,52.173199188506445,52.73249064848875,NORMAL,NORMAL,949.7287173274527,35.0,10.0,0.8014814814814811,700.4249290289964,303.8443342127786,273.4599007915008,0.95,3,268.4599007915008,M2,1.9999999999999991,M2,M2,0,5.0,268.4599007915008,0.0,0.0,0.0,,requested_mode_matches_applied_mode
fis,restrictive,1,720,12.0,12.0,2026-01-01T12:00:00Z,52.73249064848875,53.29194484119708,NORMAL,NORMAL,950.0,35.0,10.0,0.8014814814814811,700.625,303.931125,273.53801250000004,0.95,3,268.53801250000004,M2,2.000000000000001,M2,M2,0,5.0,268.53801250000004,0.0,0.0,0.0,,requested_mode_matches_applied_mode
fis,restrictive,1,725,12.083333333333334,12.083333333333334,2026-01-01T12:05:00Z,53.29194484119708,53.85123630117937,NORMAL,NORMAL,949.7287173274527,35.0,10.0,0.8014814814814811,700.4249290289964,303.8443342127786,273.4599007915008,0.95,3,268.4599007915008,M2,1.9999999999999991,M2,M2,0,5.0,268.4599007915008,0.0,0.0,0.0,,requested_mode_matches_applied_mode
fis,restrictive,1,730,12.166666666666666,12.166666666666666,2026-01-01T12:10:00Z,53.85123630117937,54.410039686909634,NORMAL,NORMAL,948.915075900106,35.0,10.0,0.8014814814814811,699.8248684763282,303.5840279450312,273.2256251505281,0.95,3,268.2256251505281,M2,2.0000000000000004,M2,M2,0,5.0,268.2256251505281,0.0,0.0,0.0,,requested_mode_matches_applied_mode
fis,restrictive,1,735,12.25,12.25,2026-01-01T12:15:00Z,54.410039686909634,54.96803002858123,NORMAL,NORMAL,947.5596953905817,35.0,10.0,0.8014814814814811,698.8252753505541,303.1504044470703,272.8353640023633,0.95,3,267.8353640023633,M2,1.9999999999999991,M2,M2,0,5.0,267.8353640023633,0.0,0.0,0.0,,requested_mode_matches_applied_mode
fis,restrictive,1,740,12.333333333333334,12.333333333333334,2026-01-01T12:20:00Z,54.96803002858123,55.52488297572342,NORMAL,NORMAL,945.663608259343,35.0,10.0,0.8014814814814811,697.4269110912655,302.543794031391,272.2894146282519,0.95,3,267.2894146282519,M2,1.9999999999999996,M2,M2,0,5.0,267.2894146282519,0.0,0.0,0.0,,requested_mode_matches_applied_mode
fis,restrictive,1,745,12.416666666666666,12.416666666666666,2026-01-01T12:25:00Z,55.52488297572342,56.08027504452419,NORMAL,NORMAL,943.2282592648833,35.0,10.0,0.8014814814814811,695.6308412078514,301.7646589159659,271.58819302436933,0.95,3,266.58819302436933,M2,1.9999999999999996,M2,M2,0,5.0,266.58819302436933,0.0,0.0,0.0,,requested_mode_matches_applied_mode
fis,restrictive,1,750,12.5,12.5,2026-01-01T12:30:00Z,56.08027504452419,56.633883864742906,NORMAL,NORMAL,940.2555047801079,35.0,10.0,0.8014814814814811,693.4384347753296,300.813593005538,270.7322337049842,0.95,3,265.7322337049842,M2,2.0,M2,M2,0,5.0,265.7322337049842,0.0,0.0,0.0,,requested_mode_matches_applied_mode
fis,restrictive,1,755,12.583333333333334,12.583333333333334,2026-01-01T12:35:00Z,56.633883864742906,57.185388426097965,NORMAL,NORMAL,936.7476119170401,35.0,10.0,0.8014814814814811,690.8513637888171,299.6913216115889,269.72218945043,0.95,3,264.72218945043,M2,2.0000000000000004,M2,M2,0,5.0,264.72218945043,0.0,0.0,0.0,,requested_mode_matches_applied_mode
fis,restrictive,1,760,12.666666666666666,12.666666666666666,2026-01-01T12:40:00Z,57.185388426097965,57.734469324016054,NORMAL,NORMAL,932.7072574626172,35.0,10.0,0.8014814814814811,687.8716023786802,298.39870111187145,268.55883100068434,0.95,3,263.55883100068434,M2,2.000000000000001,M2,M2,0,5.0,263.55883100068434,0.0,0.0,0.0,,requested_mode_matches_applied_mode
fis,restrictive,1,765,12.75,12.75,2026-01-01T12:45:00Z,57.734469324016054,58.28080900463177,NORMAL,NORMAL,928.1375266290065,35.0,10.0,0.8014814814814811,684.5014258888923,296.9367185506015,267.24304669554135,0.95,3,262.24304669554135,M2,2.000000000000001,M2,M2,0,5.0,262.24304669554135,0.0,0.0,0.0,,requested_mode_matches_applied_mode
fis,restrictive,1,770,12.833333333333334,12.833333333333334,2026-01-01T12:50:00Z,58.28080900463177,58.824092008928766,NORMAL,NORMAL,923.0419116225485,35.0,10.0,0.8014814814814811,680.7434098216295,295.3064911806229,265.7758420625606,0.95,3,260.7758420625606,M2,2.0,M2,M2,0,5.0,260.7758420625606,0.0,0.0,0.0,,requested_mode_matches_applied_mode
fis,restrictive,1,775,12.916666666666666,12.916666666666666,2026-01-01T12:55:00Z,58.824092008928766,59.36400521591664,NORMAL,NORMAL,917.4243100361533,35.0,10.0,0.8014814814814811,676.6004286516632,293.50926594909146,264.1583393541823,0.95,3,259.1583393541823,M2,2.0000000000000013,M2,M2,0,5.0,259.1583393541823,0.0,0.0,0.0,,requested_mode_matches_applied_mode
fis,restrictive,1,780,13.0,13.0,2026-01-01T13:00:00Z,59.36400521591664,59.90023808474084,NORMAL,NORMAL,911.2890230707287,35.0,10.0,0.8014814814814811,672.0756545146625,291.5464189284605,262.3917770356145,1.0,3,257.3917770356145,M2,2.0,M2,M2,0,5.0,257.3917770356145,0.0,0.0,0.0,,requested_mode_matches_applied_mode
fis,restrictive,1,785,13.083333333333334,13.083333333333334,2026-01-01T13:05:00Z,59.90023808474084,60.43248289562694,NORMAL,NORMAL,904.6407535920156,35.0,10.0,0.8014814814814811,667.1725557741115,289.4194546948096,260.4775092253286,1.0,3,255.47750922532862,M2,1.9999999999999987,M2,M2,0,5.0,255.47750922532862,0.0,0.0,0.0,,requested_mode_matches_applied_mode
fis,restrictive,1,790,13.166666666666666,13.166666666666666,2026-01-01T13:10:00Z,60.43248289562694,60.96043498956495,NORMAL,NORMAL,897.4846040300675,35.0,10.0,0.8014814814814811,661.8948954721749,287.13000565582945,258.4170050902465,1.0,3,253.4170050902465,M2,2.0000000000000018,M2,M2,0,5.0,253.4170050902465,0.0,0.0,0.0,,requested_mode_matches_applied_mode
fis,restrictive,1,795,13.25,13.25,2026-01-01T13:15:00Z,60.96043498956495,61.483793006644035,NORMAL,NORMAL,889.8260741295154,35.0,10.0,0.8014814814814811,656.2467296705177,284.67983133107055,256.2118481979635,1.0,3,251.2118481979635,M2,1.9999999999999991,M2,M2,0,5.0,251.2118481979635,0.0,0.0,0.0,,requested_mode_matches_applied_mode
fis,restrictive,1,800,13.333333333333334,13.333333333333334,2026-01-01T13:20:00Z,61.483793006644035,62.00225912295371,NORMAL,NORMAL,881.6710585597593,35.0,10.0,0.8014814814814811,650.2324056878225,282.0708175873774,253.86373582863968,1.0,3,248.86373582863968,M2,1.9999999999999991,M2,M2,0,5.0,248.86373582863968,0.0,0.0,0.0,,requested_mode_matches_applied_mode
fis,restrictive,1,805,13.416666666666666,13.416666666666666,2026-01-01T13:25:00Z,62.00225912295371,62.51553928597349,NORMAL,NORMAL,873.0258443952957,35.0,10.0,0.8014814814814811,643.8565602415306,279.304975832776,251.3744782494984,1.0,3,246.3744782494984,M2,1.9999999999999991,M2,M2,0,5.0,246.3744782494984,0.0,0.0,0.0,,requested_mode_matches_applied_mode
fis,restrictive,1,810,13.5,13.5,2026-01-01T13:30:00Z,62.51553928597349,63.02334344838018,NORMAL,NORMAL,863.8971084775652,35.0,10.0,0.8014814814814811,637.1241175022044,276.38444217245626,248.74599795521064,1.0,3,243.74599795521064,M2,1.999999999999998,M2,M2,0,5.0,243.74599795521064,0.0,0.0,0.0,,requested_mode_matches_applied_mode
fis,restrictive,1,815,13.583333333333334,13.583333333333334,2026-01-01T13:35:00Z,63.02334344838018,63.52538580020896,NORMAL,NORMAL,854.2919146709916,35.0,10.0,0.8014814814814811,630.0402870698563,273.31147653090363,245.98032887781326,1.0,3,240.98032887781326,M2,1.999999999999999,M2,M2,0,5.0,240.98032887781326,0.0,0.0,0.0,,requested_mode_matches_applied_mode
fis,restrictive,1,820,13.666666666666666,13.666666666666666,2026-01-01T13:40:00Z,63.52538580020896,64.02138499931358,NORMAL,NORMAL,844.2177110273035,35.0,10.0,0.8014814814814811,622.6105618826364,270.08846174468766,243.0796155702189,1.0,3,238.0796155702189,M2,1.9999999999999987,M2,M2,0,5.0,238.0796155702189,0.0,0.0,0.0,,requested_mode_matches_applied_mode
fis,restrictive,1,825,13.75,13.75,2026-01-01T13:45:00Z,64.02138499931358,64.51106440007989,NORMAL,NORMAL,833.682326873807,35.0,10.0,0.8014814814814811,614.8407160694327,266.71790263091987,240.04611236782787,1.0,3,235.04611236782787,M2,1.9999999999999996,M2,M2,0,5.0,235.04611236782787,0.0,0.0,0.0,,requested_mode_matches_applied_mode
fis,restrictive,1,830,13.833333333333334,13.833333333333334,2026-01-01T13:50:00Z,64.51106440007989,64.99415228035751,NORMAL,NORMAL,822.6939698430234,35.0,10.0,0.8014814814814811,606.7368027592298,263.2024250369539,236.88218253325851,1.0,3,231.88218253325851,M2,2.0000000000000018,M2,M2,0,5.0,231.88218253325851,0.0,0.0,0.0,,requested_mode_matches_applied_mode
fis,restrictive,1,835,13.916666666666666,13.916666666666666,2026-01-01T13:55:00Z,64.99415228035751,65.47038206658621,NORMAL,NORMAL,811.2612228630773,35.0,10.0,0.8014814814814811,598.3051518615196,259.5447748775272,233.59029738977446,1.0,3,228.59029738977446,M2,2.000000000000003,M2,M2,0,5.0,228.59029738977446,0.0,0.0,0.0,,requested_mode_matches_applied_mode
fis,restrictive,1,840,14.0,14.0,2026-01-01T14:00:00Z,65.47038206658621,65.93949255710626,NORMAL,NORMAL,799.3930411304173,35.0,10.0,0.8000015451153907,589.5523678336828,255.7478171662515,230.17303544962635,1.0,3,225.17303544962635,M2,2.1566873889969917,M2,M2,0,5.0,225.17303544962635,0.0,0.0,0.0,,requested_mode_matches_applied_mode
fis,restrictive,1,845,14.083333333333334,14.083333333333334,2026-01-01T14:05:00Z,65.93949255710626,66.40122814365675,NORMAL,NORMAL,787.0987490889424,35.0,10.0,0.7722873245588048,580.4853274530951,251.81453504915262,226.63308154423737,1.0,3,221.63308154423737,M2,2.295094837778694,M2,M2,0,5.0,221.63308154423737,0.0,0.0,0.0,,requested_mode_matches_applied_mode
fis,restrictive,1,850,14.166666666666666,14.166666666666666,2026-01-01T14:10:00Z,66.40122814365675,66.85533903108171,NORMAL,NORMAL,774.3880374424308,35.0,10.0,0.7481670260972595,571.1111776137927,247.74802884886327,222.97322596397694,1.0,3,217.97322596397694,M2,2.417443396265051,M2,M2,0,5.0,217.97322596397694,0.0,0.0,0.0,,requested_mode_matches_applied_mode
fis,restrictive,1,855,14.25,14.25,2026-01-01T14:15:00Z,66.85533903108171,67.30158145528212,NORMAL,NORMAL,761.2709602303689,35.0,10.0,0.7271849278375984,561.4373331698971,243.55151512910135,219.1963636161912,1.0,3,214.1963636161912,M3,2.5269838255454102,M3,M2,0,5.0,214.1963636161912,0.0,0.0,0.0,,new_candidate_started
fis,restrictive,1,860,14.333333333333334,14.333333333333334,2026-01-01T14:20:00Z,67.30158145528212,67.73971789947214,NORMAL,NORMAL,747.7579320009607,35.0,10.0,0.7089537628074691,551.4714748507085,239.22832579023736,215.30549321121364,1.0,3,210.30549321121364,M3,2.6260923811400767,M3,M2,0,5.0,210.30549321121364,0.0,0.0,0.0,,waiting_for_candidate_confirmation
fis,restrictive,1,865,14.416666666666666,14.416666666666666,2026-01-01T14:25:00Z,67.73971789947214,68.00143018760855,NORMAL,NORMAL,733.8597251193017,35.0,10.0,0.6931429584426119,541.221547275485,234.78190720810537,211.30371648729482,1.0,3,206.30371648729482,M3,2.7167710741627746,M3,M3,1,85.68181818181819,125.62189830547663,0.0,5.916666666666666,0.0,,candidate_confirmed_and_dwell_satisfied
fis,restrictive,1,870,14.5,14.5,2026-01-01T14:30:00Z,68.00143018760855,68.25458106116056,NORMAL,NORMAL,719.5874672535556,35.0,10.0,0.6672889786624585,530.6957570994973,230.21581942976192,207.19423748678574,1.0,3,121.51241930496755,M3,2.7683166335898757,M3,M3,1,85.68181818181819,121.51241930496755,0.0,5.916666666666666,0.0,,requested_mode_matches_applied_mode
fis,restrictive,1,875,14.583333333333334,14.583333333333334,2026-01-01T14:35:00Z,68.25458106116056,68.49895302723496,NORMAL,NORMAL,704.9526390875933,35.0,10.0,0.6343803351870378,519.9025713271001,225.533735441696,202.9803618975264,1.0,3,117.2985437157082,M3,2.816473623496814,M3,M3,1,85.68181818181819,117.2985437157082,0.0,5.916666666666666,0.0,,requested_mode_matches_applied_mode
fis,restrictive,1,880,14.666666666666666,14.666666666666666,2026-01-01T14:40:00Z,68.49895302723496,68.73433569034634,NORMAL,NORMAL,689.9670723150822,35.0,10.0,0.616872657618648,508.85071583237317,220.73944052808346,198.66549647527512,1.0,3,112.98367829345693,M3,2.861640721713808,M3,M3,1,85.68181818181819,112.98367829345693,0.0,5.916666666666666,0.0,,requested_mode_matches_applied_mode
fis,restrictive,1,885,14.75,14.75,2026-01-01T14:45:00Z,68.73433569034634,68.96052596197838,NORMAL,NORMAL,674.6429479776288,35.0,10.0,0.6116753022452502,497.54917413350125,215.83683173911282,194.25314856520154,1.0,3,108.57133038338335,M3,2.9040493410226182,M3,M3,1,85.68181818181819,108.57133038338335,0.0,5.916666666666666,0.0,,requested_mode_matches_applied_mode
fis,restrictive,1,890,14.833333333333334,14.833333333333334,2026-01-01T14:50:00Z,68.96052596197838,69.17732826939759,NORMAL,NORMAL,658.9927952185128,35.0,10.0,0.6116753022452502,486.00718647365323,210.82991749227077,189.7469257430437,1.0,3,104.06510756122552,M3,2.9439463344777876,M3,M3,1,85.68181818181819,104.06510756122552,0.0,5.916666666666666,0.0,,requested_mode_matches_applied_mode
fis,restrictive,1,895,14.916666666666666,14.916666666666666,2026-01-01T14:55:00Z,69.17732826939759,69.38455476401786,NORMAL,NORMAL,643.0294905340589,35.0,10.0,0.6116753022452502,474.2342492688685,205.72281733283515,185.15053559955163,1.0,3,99.46871741773344,M3,2.9814807780081964,M3,M3,1,85.68181818181819,99.46871741773344,0.0,5.916666666666666,0.0,,requested_mode_matches_applied_mode
fis,restrictive,1,900,15.0,15.0,2026-01-01T15:00:00Z,69.38455476401786,69.58202552967121,NORMAL,NORMAL,626.7662576171249,35.0,10.0,0.6116753022452502,462.24011499262963,200.51976188380272,180.46778569542244,1.0,3,94.78596751360425,M3,3.0167551509588515,M3,M3,1,85.68181818181819,94.78596751360425,0.0,5.916666666666666,0.0,,requested_mode_matches_applied_mode
fis,restrictive,1,905,15.083333333333334,15.083333333333334,2026-01-01T15:05:00Z,69.58202552967121,69.7695687912053,NORMAL,NORMAL,610.2166679019552,35.0,10.0,0.6116753022452502,450.03479257769203,195.2250930202028,175.70258371818252,1.0,3,90.02076553636434,M3,3.049872689925565,M3,M3,1,85.68181818181819,90.02076553636434,0.0,5.916666666666666,0.0,,requested_mode_matches_applied_mode
fis,restrictive,1,910,15.166666666666666,15.166666666666666,2026-01-01T15:10:00Z,69.7695687912053,69.94702112390475,NORMAL,NORMAL,593.3946419372819,35.0,10.0,0.6116753022452502,437.62854842874543,189.84326430838976,170.8589378775508,1.0,3,85.17711969573261,M3,3.0810503205864435,M3,M3,1,85.68181818181819,85.17711969573261,0.0,5.916666666666666,0.0,,requested_mode_matches_applied_mode
fis,restrictive,1,915,15.25,15.25,2026-01-01T15:15:00Z,69.94702112390475,70.11422766432159,NORMAL,NORMAL,576.3144517357055,35.0,10.0,0.6116753022452502,425.0319081550828,184.37884175767493,165.94095758190744,1.0,3,80.25913940008925,M3,3.1102509208316325,M3,M3,1,85.68181818181819,80.25913940008925,0.0,5.916666666666666,0.0,,requested_mode_matches_applied_mode
fis,restrictive,1,920,15.333333333333334,15.333333333333334,2026-01-01T15:20:00Z,70.11422766432159,70.27104232320497,NORMAL,NORMAL,558.9907242729154,35.0,10.0,0.6116753022452502,412.2556591512751,178.83650493982313,160.9528544458408,1.0,3,75.27103626402263,M3,3.1375005650920915,M3,M3,1,85.68181818181819,75.27103626402263,0.0,5.916666666666666,8.881784197001252e-16,,requested_mode_matches_applied_mode
fis,restrictive,1,925,15.416666666666666,15.416666666666666,2026-01-01T15:25:00Z,70.27104232320497,70.41732800134214,NORMAL,NORMAL,541.438446341245,35.0,10.0,0.6116753022452502,399.3108541766682,173.22104854183868,155.89894368765482,1.0,3,70.21712550583663,M3,3.162952499931445,M3,M3,1,85.68181818181819,70.21712550583663,0.0,5.916666666666666,0.0,,requested_mode_matches_applied_mode
fis,restrictive,1,930,15.5,15.5,2026-01-01T15:30:00Z,70.41732800134214,70.55295680926875,NORMAL,NORMAL,523.6729709998184,35.0,10.0,0.6116753022452502,386.2088161123661,167.53738442954437,150.78364598658993,1.0,3,65.10182780477174,M3,3.1865277244998604,M3,M3,1,85.68181818181819,65.10182780477174,0.0,5.916666666666666,0.0,,requested_mode_matches_applied_mode
fis,restrictive,1,935,15.583333333333334,15.583333333333334,2026-01-01T15:35:00Z,70.55295680926875,70.67781029197923,NORMAL,NORMAL,505.710025909864,35.0,10.0,0.6116753022452502,372.9611441085247,161.790544314278,145.6114898828502,1.0,3,59.92967170103202,M3,3.2084216490543693,M3,M3,1,85.68181818181819,59.92967170103202,0.0,5.916666666666666,0.0,,requested_mode_matches_applied_mode
fis,restrictive,1,940,15.666666666666666,15.666666666666666,2026-01-01T15:40:00Z,70.67781029197923,70.79177965997545,NORMAL,NORMAL,487.5657239010052,35.0,10.0,0.6116753022452502,359.57972137699136,155.98568313333885,140.38711482000497,1.0,3,54.70529663818678,M3,3.2284010036754567,M3,M3,1,85.68181818181819,54.70529663818678,0.0,5.916666666666666,0.0,,requested_mode_matches_applied_mode
fis,restrictive,1,945,15.75,15.75,2026-01-01T15:45:00Z,70.79177965997545,70.89476602824213,NORMAL,NORMAL,469.2565761854894,35.0,10.0,0.6116753022452502,346.0767249367984,150.12808327758316,135.11527494982485,1.0,3,49.433456768006664,M3,3.240864071343757,M3,M3,1,85.68181818181819,49.433456768006664,0.0,5.916666666666666,0.0,,requested_mode_matches_applied_mode
fis,restrictive,1,950,15.833333333333334,15.833333333333334,2026-01-01T15:50:00Z,70.89476602824213,70.986680665041,NORMAL,NORMAL,450.7995087264755,35.0,10.0,0.6116753022452502,332.4646376857757,144.2231598280895,129.80084384528055,1.0,3,44.11902566346237,M3,3.1821675649096837,M3,M3,1,85.68181818181819,44.11902566346237,0.0,5.916666666666666,0.0,,requested_mode_matches_applied_mode
fis,restrictive,1,955,15.916666666666666,15.916666666666666,2026-01-01T15:55:00Z,70.986680665041,71.06744525278687,NORMAL,NORMAL,432.2118823790218,35.0,10.0,0.6116753022452502,318.7562632545286,138.27646699981452,124.44882029983307,1.0,3,38.76700211801489,M3,3.1140298474774655,M3,M3,1,85.68181818181819,38.76700211801489,0.0,5.916666666666666,0.0,,requested_mode_matches_applied_mode
fis,restrictive,1,960,16.0,16.0,2026-01-01T16:00:00Z,71.06744525278687,71.13699216372555,NORMAL,NORMAL,413.5115175656589,35.0,10.0,0.6116753022452502,304.9647442046734,132.29370603598733,119.0643354323886,1.0,3,33.382517250570416,M3,3.0351715528441447,M3,M3,1,85.68181818181819,33.382517250570416,0.0,5.916666666666666,0.0,,requested_mode_matches_applied_mode
fis,restrictive,1,965,16.083333333333332,16.083333333333332,2026-01-01T16:05:00Z,71.13699216372555,71.19526475370147,NORMAL,NORMAL,394.71672443236906,35.0,10.0,0.6116753022452502,291.1035842688722,126.28073485583677,113.6526613702531,1.0,3,27.970843188434912,M3,2.956442034146112,M3,M3,1,85.68181818181819,27.970843188434912,0.0,5.916666666666666,0.0,,requested_mode_matches_applied_mode
fis,restrictive,1,970,16.166666666666668,16.166666666666668,2026-01-01T16:10:00Z,71.19526475370147,71.24221767801244,NORMAL,NORMAL,375.8463396692638,35.0,10.0,0.6116753022452502,277.18667550608205,120.2435798345384,108.21922185108455,1.0,3,22.537403669266368,M3,2.8753078473328277,M3,M3,1,85.68181818181819,22.537403669266368,0.0,5.916666666666666,0.0,,requested_mode_matches_applied_mode
fis,restrictive,1,975,16.25,16.25,2026-01-01T16:15:00Z,71.24221767801244,71.27781723424779,NORMAL,NORMAL,356.91977149263414,35.0,10.0,0.6116753022452502,263.2283314758177,114.18845019420971,102.76960517478874,1.0,3,17.08778699297055,M3,2.741561140235885,M3,M3,1,85.68181818181819,17.08778699297055,0.0,5.916666666666666,0.0,,requested_mode_matches_applied_mode
fis,restrictive,1,980,16.333333333333332,16.333333333333332,2026-01-01T16:20:00Z,71.27781723424779,71.30204173815116,NORMAL,NORMAL,337.9570546987933,35.0,10.0,0.5805977205981157,249.24332784036005,108.12175561714818,97.30958005543337,1.0,3,11.627761873615185,M3,2.529018770074192,M3,M3,1,85.68181818181819,11.627761873615185,0.0,5.916666666666666,0.0,,requested_mode_matches_applied_mode
fis,restrictive,1,985,16.416666666666668,16.416666666666668,2026-01-01T16:25:00Z,71.30204173815116,71.3148819400286,NORMAL,NORMAL,318.97891825487966,35.0,10.0,0.5374003788436855,235.24695221297375,102.050127869988,91.84511508298921,1.0,3,6.163296901171023,M3,2.6414261705398054,M3,M3,1,85.68181818181819,6.163296901171023,0.0,5.916666666666666,0.0,,requested_mode_matches_applied_mode
fis,restrictive,1,990,16.5,16.5,2026-01-01T16:30:00Z,71.3148819400286,71.31634149115337,NORMAL,NORMAL,300.00686864544207,35.0,10.0,0.5000134451718411,221.25506562601353,95.98044746856466,86.3824027217082,1.0,3,0.7005845398900163,M3,2.677900876916045,M3,M3,1,85.68181818181819,0.7005845398900163,0.0,5.916666666666666,0.0,,requested_mode_matches_applied_mode
fis,restrictive,1,995,16.583333333333332,16.583333333333332,2026-01-01T16:35:00Z,71.31634149115337,71.30475784322269,NORMAL,NORMAL,281.06329323248895,35.0,10.0,0.46223537467619796,207.28417875896062,89.91987674563713,80.92788907107341,1.0,3,-4.753929110744778,M3,2.678024549027363,M3,M3,1,85.68181818181819,-4.753929110744778,0.3961607592287315,5.916666666666666,0.0,,requested_mode_matches_applied_mode
fis,restrictive,1,1000,16.666666666666668,16.666666666666668,2026-01-01T16:40:00Z,71.30475784322269,71.27991986284356,NORMAL,NORMAL,262.1715893417329,35.0,10.0,0.4125713967481656,193.35154713952804,83.87590114912727,75.48831103421455,1.0,3,-10.19350714760364,M3,2.6770429708609216,M3,M3,1,85.68181818181819,-10.19350714760364,0.84945892896697,5.916666666666666,0.0,,requested_mode_matches_applied_mode
fis,restrictive,1,1005,16.75,16.75,2026-01-01T16:45:00Z,71.27991986284356,71.2418811809579,NORMAL,NORMAL,243.35632686206708,35.0,10.0,0.36230587455491126,179.47529106077448,77.85638126216398,70.07074313594758,1.0,3,-15.611075045870606,M3,2.6749422327880406,M3,M3,1,85.68181818181819,-15.611075045870606,1.3009229204892172,5.916666666666666,0.0,,requested_mode_matches_applied_mode
fis,restrictive,1,1010,16.833333333333332,16.833333333333332,2026-01-01T16:50:00Z,71.2418811809579,71.19071363446463,NORMAL,NORMAL,224.64345516120912,35.0,10.0,0.31717040645987665,165.67454818139174,71.86961900108774,64.68265710097897,1.0,3,-20.999161080839215,M3,2.6717462242635617,M3,M3,1,85.68181818181819,-20.999161080839215,1.7499300900699346,5.916666666666666,0.0,,requested_mode_matches_applied_mode
fis,restrictive,1,1015,16.916666666666668,16.916666666666668,2026-01-01T16:55:00Z,71.19071363446463,71.12650842104286,NORMAL,NORMAL,206.06056960308908,35.0,10.0,0.27654349182636967,151.9696700822782,65.92444288169229,59.33199859352306,1.0,3,-26.349819588295126,M3,2.6674286611757587,M3,M3,1,85.68181818181819,-26.349819588295126,2.1958182990245936,5.916666666666666,0.0,,requested_mode_matches_applied_mode
fis,restrictive,1,1020,17.0,17.0,2026-01-01T17:00:00Z,71.12650842104286,71.0493774982956,NORMAL,NORMAL,187.63725978314915,35.0,10.0,0.25782159945755884,138.3824790900725,60.030319429273455,54.02728748634611,1.0,3,-31.654530695472076,M3,2.6619824656864237,M3,M3,1,85.68181818181819,-31.654530695472076,2.6378775579560063,5.916666666666666,0.0,,requested_mode_matches_applied_mode
fis,restrictive,1,1025,17.083333333333332,17.083333333333332,2026-01-01T17:05:00Z,71.0493774982956,70.95945530757535,NORMAL,NORMAL,169.40557230493567,35.0,10.0,0.24968557432130958,124.93660957489007,54.19750123358731,48.77775111022858,1.0,3,-36.90406707158961,M3,2.6554322415921763,M3,M3,1,85.68181818181819,-36.90406707158961,3.075338922632467,5.916666666666666,0.0,,requested_mode_matches_applied_mode
fis,restrictive,1,1030,17.166666666666668,17.166666666666668,2026-01-01T17:10:00Z,70.95945530757535,70.85690093804675,NORMAL,NORMAL,151.40063826014514,35.0,10.0,0.24260425636147012,111.65797071685705,48.43722769697259,43.59350492727533,1.0,3,-42.088313254542854,M3,2.647787137438371,M3,M3,1,85.68181818181819,-42.088313254542854,3.507359437878571,5.916666666666666,0.0,poor_tracking_condition,requested_mode_matches_applied_mode
fis,restrictive,1,1035,17.25,17.25,2026-01-01T17:15:00Z,70.85690093804675,70.74190090219254,NORMAL,NORMAL,133.66154473278382,35.0,10.0,0.24208641975308645,98.57538924042808,42.7620038524977,38.48580346724793,1.0,3,-47.19601471457025,M3,2.639054297127554,M3,M3,1,85.68181818181819,-47.19601471457025,3.9330012262141882,5.916666666666666,0.0,poor_tracking_condition,requested_mode_matches_applied_mode
fis,restrictive,1,1040,17.333333333333332,17.333333333333332,2026-01-01T17:20:00Z,70.74190090219254,70.61467278558742,NORMAL,NORMAL,116.23258091314466,35.0,10.0,0.24208641975308645,85.7215284234442,37.18599903009009,33.46739912708108,1.0,3,-52.21441905473711,M3,2.6292061747986337,M3,M3,1,85.68181818181819,-52.21441905473711,4.351201587894758,5.916666666666666,0.0,poor_tracking_condition,requested_mode_matches_applied_mode
fis,restrictive,1,1045,17.416666666666668,17.416666666666668,2026-01-01T17:25:00Z,70.61467278558742,70.47547019207218,NORMAL,NORMAL,99.16508446154606,35.0,10.0,0.24208641975308645,73.13424979039023,31.725637559071277,28.55307380316415,1.0,3,-57.128744378654034,M3,2.6182966179099307,M3,M3,1,85.68181818181819,-57.128744378654034,4.760728698221169,5.916666666666666,0.0,poor_tracking_condition,requested_mode_matches_applied_mode
fis,restrictive,1,1050,17.5,17.5,2026-01-01T17:30:00Z,70.47547019207218,70.32458969571104,NORMAL,NORMAL,82.52030182257455,35.0,10.0,0.24208641975308645,60.85872259414874,26.400513861341718,23.760462475207547,1.0,3,-61.92135570661064,M3,2.606266015473403,M3,M3,1,85.68181818181819,-61.92135570661064,5.160112975550886,5.916666666666666,0.0,poor_tracking_condition,requested_mode_matches_applied_mode
fis,restrictive,1,1055,17.583333333333332,17.583333333333332,2026-01-01T17:35:00Z,70.32458969571104,70.16238108428982,NORMAL,NORMAL,66.37407973352572,35.0,10.0,0.24208641975308645,48.95088380347522,21.23489339394755,19.111404054552796,1.0,3,-66.5704141272654,M3,2.5931875120380017,M3,M3,1,85.68181818181819,-66.5704141272654,5.547534510605449,5.916666666666666,0.0,poor_tracking_condition,requested_mode_matches_applied_mode
fis,restrictive,1,1060,17.666666666666668,17.666666666666668,2026-01-01T17:40:00Z,70.16238108428982,69.989263427382,NORMAL,NORMAL,50.82516711459033,35.0,10.0,0.24208641975308645,37.48356074701037,16.260368652053096,14.634331786847786,1.0,3,-71.0474863949704,M3,2.5789889144815406,M3,M3,1,85.68181818181819,-71.0474863949704,5.920623866247533,5.916666666666666,0.0,poor_tracking_condition,requested_mode_matches_applied_mode
fis,restrictive,1,1065,17.75,17.75,2026-01-01T17:45:00Z,69.989263427382,69.80575260632517,NORMAL,NORMAL,36.01155199257773,35.0,10.0,0.24208641975308645,26.55851959452608,11.521085800105412,10.368977220094871,1.0,3,-75.31284096172331,M3,2.563730947157092,M3,M3,1,85.68181818181819,-75.31284096172331,6.276070080143609,5.916666666666666,0.0,poor_tracking_condition,requested_mode_matches_applied_mode
fis,restrictive,1,1070,17.833333333333332,17.833333333333332,2026-01-01T17:50:00Z,69.80575260632517,69.61251534434903,NORMAL,NORMAL,22.14823277430465,35.0,10.0,0.24208641975308645,16.33432167104968,7.085828740901351,6.377245866811216,1.0,3,-79.30457231500696,M3,2.5473701470266827,M3,M3,1,85.68181818181819,-79.30457231500696,6.608714359583914,5.916666666666666,0.0,poor_tracking_condition,requested_mode_matches_applied_mode
fis,restrictive,1,1075,17.916666666666668,17.916666666666668,2026-01-01T17:55:00Z,69.61251534434903,69.41050470158892,NORMAL,NORMAL,9.643332015559634,35.0,10.0,0.24208641975308645,7.1119573614752305,3.085167103407955,2.7766503930671593,1.0,3,-82.90516778875103,M3,2.529956108389069,M3,M3,1,85.68181818181819,-82.90516778875103,6.908763982395919,5.916666666666666,0.0,poor_tracking_condition,requested_mode_matches_applied_mode
fis,restrictive,1,1080,18.0,18.0,2026-01-01T18:00:00Z,69.41050470158892,69.20172834149676,NORMAL,NORMAL,7.64428072237531e-17,35.0,10.0,0.24208641975308645,5.637657032751792e-17,2.4456156208077272e-17,2.2010540587269545e-17,1.0,3,-85.68181818181819,M3,2.511527766803121,M3,M3,1,85.68181818181819,-85.68181818181819,7.140151515151516,5.916666666666666,0.0,poor_tracking_condition,requested_mode_matches_applied_mode
fis,restrictive,1,1085,18.083333333333332,18.083333333333332,2026-01-01T18:05:00Z,69.20172834149676,69.18954510562932,NORMAL,NORMAL,0.0,35.0,10.0,0.24208641975308645,0.0,0.0,0.0,1.0,3,-85.68181818181819,M2,2.4921767711785825,M1,M1,0,5.0,-5.0,0.41666666666666663,0.0,0.0,poor_tracking_condition,safety_reduction_applied_immediately
fis,restrictive,1,1090,18.166666666666668,18.166666666666668,2026-01-01T18:10:00Z,69.18954510562932,69.17736186976188,NORMAL,NORMAL,0.0,35.0,10.0,0.24208641975308645,0.0,0.0,0.0,1.0,3,-5.0,M2,2.491038923246645,M1,M1,0,5.0,-5.0,0.41666666666666663,0.0,0.0,poor_tracking_condition,requested_mode_matches_applied_mode
fis,restrictive,1,1095,18.25,18.25,2026-01-01T18:15:00Z,69.17736186976188,69.16517863389443,NORMAL,NORMAL,0.0,35.0,10.0,0.24208641975308645,0.0,0.0,0.0,1.0,3,-5.0,M2,2.489900315871553,M1,M1,0,5.0,-5.0,0.41666666666666663,0.0,0.0,poor_tracking_condition,requested_mode_matches_applied_mode
fis,restrictive,1,1100,18.333333333333332,18.333333333333332,2026-01-01T18:20:00Z,69.16517863389443,69.15299539802699,NORMAL,NORMAL,0.0,35.0,10.0,0.24208641975308645,0.0,0.0,0.0,1.0,3,-5.0,M2,2.4887609482927444,M1,M1,0,5.0,-5.0,0.41666666666666663,0.0,0.0,poor_tracking_condition,requested_mode_matches_applied_mode
fis,restrictive,1,1105,18.416666666666668,18.416666666666668,2026-01-01T18:25:00Z,69.15299539802699,69.14081216215953,NORMAL,NORMAL,0.0,35.0,10.0,0.24208641975308645,0.0,0.0,0.0,1.0,3,-5.0,M2,2.487620819748645,M1,M1,0,5.0,-5.0,0.41666666666666663,0.0,0.0,poor_tracking_condition,requested_mode_matches_applied_mode
fis,restrictive,1,1110,18.5,18.5,2026-01-01T18:30:00Z,69.14081216215953,69.1286289262921,NORMAL,NORMAL,0.0,35.0,10.0,0.24208641975308645,0.0,0.0,0.0,1.0,3,-5.0,M2,2.4864799294766002,M1,M1,0,5.0,-5.0,0.41666666666666663,0.0,0.0,poor_tracking_condition,requested_mode_matches_applied_mode
fis,restrictive,1,1115,18.583333333333332,18.583333333333332,2026-01-01T18:35:00Z,69.1286289262921,69.11644569042464,NORMAL,NORMAL,0.0,35.0,10.0,0.24208641975308645,0.0,0.0,0.0,1.0,3,-5.0,M2,2.485338276712999,M1,M1,0,5.0,-5.0,0.41666666666666663,0.0,0.0,poor_tracking_condition,requested_mode_matches_applied_mode
fis,restrictive,1,1120,18.666666666666668,18.666666666666668,2026-01-01T18:40:00Z,69.11644569042464,69.1042624545572,NORMAL,NORMAL,0.0,35.0,10.0,0.24208641975308645,0.0,0.0,0.0,1.0,3,-5.0,M2,2.48419586069323,M1,M1,0,5.0,-5.0,0.41666666666666663,0.0,0.0,poor_tracking_condition,requested_mode_matches_applied_mode
fis,restrictive,1,1125,18.75,18.75,2026-01-01T18:45:00Z,69.1042624545572,69.09207921868976,NORMAL,NORMAL,0.0,35.0,10.0,0.24208641975308645,0.0,0.0,0.0,1.0,3,-5.0,M2,2.4830526806515527,M1,M1,0,5.0,-5.0,0.41666666666666663,0.0,0.0,poor_tracking_condition,requested_mode_matches_applied_mode
fis,restrictive,1,1130,18.833333333333332,18.833333333333332,2026-01-01T18:50:00Z,69.09207921868976,69.07989598282231,NORMAL,NORMAL,0.0,35.0,10.0,0.24208641975308645,0.0,0.0,0.0,1.0,3,-5.0,M2,2.481908735821312,M1,M1,0,5.0,-5.0,0.41666666666666663,0.0,0.0,poor_tracking_condition,requested_mode_matches_applied_mode
fis,restrictive,1,1135,18.916666666666668,18.916666666666668,2026-01-01T18:55:00Z,69.07989598282231,69.06771274695487,NORMAL,NORMAL,0.0,35.0,10.0,0.24208641975308645,0.0,0.0,0.0,1.0,3,-5.0,M2,2.480764025434796,M1,M1,0,5.0,-5.0,0.41666666666666663,0.0,0.0,poor_tracking_condition,requested_mode_matches_applied_mode
fis,restrictive,1,1140,19.0,19.0,2026-01-01T19:00:00Z,69.06771274695487,69.05552951108741,NORMAL,NORMAL,0.0,35.0,10.0,0.24208641975308645,0.0,0.0,0.0,1.0,3,-5.0,M2,2.4796145840928245,M1,M1,0,5.0,-5.0,0.41666666666666663,0.0,0.0,poor_tracking_condition,requested_mode_matches_applied_mode
fis,restrictive,1,1145,19.083333333333332,19.083333333333332,2026-01-01T19:05:00Z,69.05552951108741,69.04334627521997,NORMAL,NORMAL,0.0,35.0,10.0,0.24208641975308645,0.0,0.0,0.0,1.0,3,-5.0,M2,2.4784553355996737,M1,M1,0,5.0,-5.0,0.41666666666666663,0.0,0.0,poor_tracking_condition,requested_mode_matches_applied_mode
fis,restrictive,1,1150,19.166666666666668,19.166666666666668,2026-01-01T19:10:00Z,69.04334627521997,69.03116303935252,NORMAL,NORMAL,0.0,35.0,10.0,0.24208641975308645,0.0,0.0,0.0,1.0,3,-5.0,M2,2.477295310529118,M1,M1,0,5.0,-5.0,0.41666666666666663,0.0,0.0,poor_tracking_condition,requested_mode_matches_applied_mode
fis,restrictive,1,1155,19.25,19.25,2026-01-01T19:15:00Z,69.03116303935252,69.01897980348508,NORMAL,NORMAL,0.0,35.0,10.0,0.24208641975308645,0.0,0.0,0.0,1.0,3,-5.0,M2,2.4761345081004786,M1,M1,0,5.0,-5.0,0.41666666666666663,0.0,0.0,poor_tracking_condition,requested_mode_matches_applied_mode
fis,restrictive,1,1160,19.333333333333332,19.333333333333332,2026-01-01T19:20:00Z,69.01897980348508,69.00679656761763,NORMAL,NORMAL,0.0,35.0,10.0,0.24208641975308645,0.0,0.0,0.0,1.0,3,-5.0,M2,2.4749729275321575,M1,M1,0,5.0,-5.0,0.41666666666666663,0.0,0.0,poor_tracking_condition,requested_mode_matches_applied_mode
fis,restrictive,1,1165,19.416666666666668,19.416666666666668,2026-01-01T19:25:00Z,69.00679656761763,68.99461333175019,NORMAL,NORMAL,0.0,35.0,10.0,0.24208641975308645,0.0,0.0,0.0,1.0,3,-5.0,M2,2.473810568041462,M1,M1,0,5.0,-5.0,0.41666666666666663,0.0,0.0,poor_tracking_condition,requested_mode_matches_applied_mode
fis,restrictive,1,1170,19.5,19.5,2026-01-01T19:30:00Z,68.99461333175019,68.98243009588275,NORMAL,NORMAL,0.0,35.0,10.0,0.24208641975308645,0.0,0.0,0.0,1.0,3,-5.0,M2,2.4726515117859993,M1,M1,0,5.0,-5.0,0.41666666666666663,0.0,0.0,poor_tracking_condition,requested_mode_matches_applied_mode
fis,restrictive,1,1175,19.583333333333332,19.583333333333332,2026-01-01T19:35:00Z,68.98243009588275,68.9702468600153,NORMAL,NORMAL,0.0,35.0,10.0,0.24208641975308645,0.0,0.0,0.0,1.0,3,-5.0,M2,2.4714967985665233,M1,M1,0,5.0,-5.0,0.41666666666666663,0.0,0.0,poor_tracking_condition,requested_mode_matches_applied_mode
fis,restrictive,1,1180,19.666666666666668,19.666666666666668,2026-01-01T19:40:00Z,68.9702468600153,68.95806362414785,NORMAL,NORMAL,0.0,35.0,10.0,0.24208641975308645,0.0,0.0,0.0,1.0,3,-5.0,M2,2.4703412650596372,M1,M1,0,5.0,-5.0,0.41666666666666663,0.0,0.0,poor_tracking_condition,requested_mode_matches_applied_mode
fis,restrictive,1,1185,19.75,19.75,2026-01-01T19:45:00Z,68.95806362414785,68.9458803882804,NORMAL,NORMAL,0.0,35.0,10.0,0.24208641975308645,0.0,0.0,0.0,1.0,3,-5.0,M2,2.4691849103909207,M1,M1,0,5.0,-5.0,0.41666666666666663,0.0,0.0,poor_tracking_condition,requested_mode_matches_applied_mode
fis,restrictive,1,1190,19.833333333333332,19.833333333333332,2026-01-01T19:50:00Z,68.9458803882804,68.93369715241296,NORMAL,NORMAL,0.0,35.0,10.0,0.24208641975308645,0.0,0.0,0.0,1.0,3,-5.0,M2,2.4680277336847474,M1,M1,0,5.0,-5.0,0.41666666666666663,0.0,0.0,poor_tracking_condition,requested_mode_matches_applied_mode
fis,restrictive,1,1195,19.916666666666668,19.916666666666668,2026-01-01T19:55:00Z,68.93369715241296,68.9215139165455,NORMAL,NORMAL,0.0,35.0,10.0,0.24208641975308645,0.0,0.0,0.0,1.0,3,-5.0,M2,2.4668697340642955,M1,M1,0,5.0,-5.0,0.41666666666666663,0.0,0.0,poor_tracking_condition,requested_mode_matches_applied_mode
fis,restrictive,1,1200,20.0,20.0,2026-01-01T20:00:00Z,68.9215139165455,68.90933068067807,NORMAL,NORMAL,0.0,35.0,10.0,0.24208641975308645,0.0,0.0,0.0,0.75,2,-5.0,M2,2.465710910651363,M1,M1,0,5.0,-5.0,0.41666666666666663,0.0,0.0,poor_tracking_condition,requested_mode_matches_applied_mode
fis,restrictive,1,1205,20.083333333333332,20.083333333333332,2026-01-01T20:05:00Z,68.90933068067807,68.89714744481063,NORMAL,NORMAL,0.0,35.0,10.0,0.24208641975308645,0.0,0.0,0.0,0.75,2,-5.0,M2,2.4645512625666273,M1,M1,0,5.0,-5.0,0.41666666666666663,0.0,0.0,poor_tracking_condition,requested_mode_matches_applied_mode
fis,restrictive,1,1210,20.166666666666668,20.166666666666668,2026-01-01T20:10:00Z,68.89714744481063,68.88496420894317,NORMAL,NORMAL,0.0,35.0,10.0,0.24208641975308645,0.0,0.0,0.0,0.75,2,-5.0,M2,2.463390788929472,M1,M1,0,5.0,-5.0,0.41666666666666663,0.0,0.0,poor_tracking_condition,requested_mode_matches_applied_mode
fis,restrictive,1,1215,20.25,20.25,2026-01-01T20:15:00Z,68.88496420894317,68.87278097307573,NORMAL,NORMAL,0.0,35.0,10.0,0.24208641975308645,0.0,0.0,0.0,0.75,2,-5.0,M2,2.4622294888579748,M1,M1,0,5.0,-5.0,0.41666666666666663,0.0,0.0,poor_tracking_condition,requested_mode_matches_applied_mode
fis,restrictive,1,1220,20.333333333333332,20.333333333333332,2026-01-01T20:20:00Z,68.87278097307573,68.86059773720828,NORMAL,NORMAL,0.0,35.0,10.0,0.24208641975308645,0.0,0.0,0.0,0.75,2,-5.0,M2,2.4610673614690115,M1,M1,0,5.0,-5.0,0.41666666666666663,0.0,0.0,poor_tracking_condition,requested_mode_matches_applied_mode
fis,restrictive,1,1225,20.416666666666668,20.416666666666668,2026-01-01T20:25:00Z,68.86059773720828,68.84841450134084,NORMAL,NORMAL,0.0,35.0,10.0,0.24208641975308645,0.0,0.0,0.0,0.75,2,-5.0,M2,2.4599044058782473,M1,M1,0,5.0,-5.0,0.41666666666666663,0.0,0.0,poor_tracking_condition,requested_mode_matches_applied_mode
fis,restrictive,1,1230,20.5,20.5,2026-01-01T20:30:00Z,68.84841450134084,68.83623126547339,NORMAL,NORMAL,0.0,35.0,10.0,0.24208641975308645,0.0,0.0,0.0,0.75,2,-5.0,M2,2.4587312496693916,M1,M1,0,5.0,-5.0,0.41666666666666663,0.0,0.0,poor_tracking_condition,requested_mode_matches_applied_mode
fis,restrictive,1,1235,20.583333333333332,20.583333333333332,2026-01-01T20:35:00Z,68.83623126547339,68.82404802960595,NORMAL,NORMAL,0.0,35.0,10.0,0.24208641975308645,0.0,0.0,0.0,0.75,2,-5.0,M2,2.457553546016769,M1,M1,0,5.0,-5.0,0.41666666666666663,0.0,0.0,poor_tracking_condition,requested_mode_matches_applied_mode
fis,restrictive,1,1240,20.666666666666668,20.666666666666668,2026-01-01T20:40:00Z,68.82404802960595,68.8118647937385,NORMAL,NORMAL,0.0,35.0,10.0,0.24208641975308645,0.0,0.0,0.0,0.75,2,-5.0,M2,2.456375002163573,M1,M1,0,5.0,-5.0,0.41666666666666663,0.0,0.0,poor_tracking_condition,requested_mode_matches_applied_mode
fis,restrictive,1,1245,20.75,20.75,2026-01-01T20:45:00Z,68.8118647937385,68.79968155787105,NORMAL,NORMAL,0.0,35.0,10.0,0.24208641975308645,0.0,0.0,0.0,0.75,2,-5.0,M2,2.4551956172103084,M1,M1,0,5.0,-5.0,0.41666666666666663,0.0,0.0,poor_tracking_condition,requested_mode_matches_applied_mode
fis,restrictive,1,1250,20.833333333333332,20.833333333333332,2026-01-01T20:50:00Z,68.79968155787105,68.78749832200361,NORMAL,NORMAL,0.0,35.0,10.0,0.24208641975308645,0.0,0.0,0.0,0.75,2,-5.0,M2,2.4540153902562643,M1,M1,0,5.0,-5.0,0.41666666666666663,0.0,0.0,poor_tracking_condition,requested_mode_matches_applied_mode
fis,restrictive,1,1255,20.916666666666668,20.916666666666668,2026-01-01T20:55:00Z,68.78749832200361,68.77531508613616,NORMAL,NORMAL,0.0,35.0,10.0,0.24208641975308645,0.0,0.0,0.0,0.75,2,-5.0,M2,2.452834320399431,M1,M1,0,5.0,-5.0,0.41666666666666663,0.0,0.0,poor_tracking_condition,requested_mode_matches_applied_mode
fis,restrictive,1,1260,21.0,21.0,2026-01-01T21:00:00Z,68.77531508613616,68.76313185026872,NORMAL,NORMAL,0.0,35.0,10.0,0.24208641975308645,0.0,0.0,0.0,0.75,2,-5.0,M2,2.4516524067365117,M1,M1,0,5.0,-5.0,0.41666666666666663,0.0,0.0,poor_tracking_condition,requested_mode_matches_applied_mode
fis,restrictive,1,1265,21.083333333333332,21.083333333333332,2026-01-01T21:05:00Z,68.76313185026872,68.75094861440127,NORMAL,NORMAL,0.0,35.0,10.0,0.24208641975308645,0.0,0.0,0.0,0.75,2,-5.0,M2,2.4504696483628723,M1,M1,0,5.0,-5.0,0.41666666666666663,0.0,0.0,poor_tracking_condition,requested_mode_matches_applied_mode
fis,restrictive,1,1270,21.166666666666668,21.166666666666668,2026-01-01T21:10:00Z,68.75094861440127,68.73876537853383,NORMAL,NORMAL,0.0,35.0,10.0,0.24208641975308645,0.0,0.0,0.0,0.75,2,-5.0,M2,2.449286044372654,M1,M1,0,5.0,-5.0,0.41666666666666663,0.0,0.0,poor_tracking_condition,requested_mode_matches_applied_mode
fis,restrictive,1,1275,21.25,21.25,2026-01-01T21:15:00Z,68.73876537853383,68.72658214266637,NORMAL,NORMAL,0.0,35.0,10.0,0.24208641975308645,0.0,0.0,0.0,0.75,2,-5.0,M2,2.448101593858634,M1,M1,0,5.0,-5.0,0.41666666666666663,0.0,0.0,poor_tracking_condition,requested_mode_matches_applied_mode
fis,restrictive,1,1280,21.333333333333332,21.333333333333332,2026-01-01T21:20:00Z,68.72658214266637,68.71439890679893,NORMAL,NORMAL,0.0,35.0,10.0,0.24208641975308645,0.0,0.0,0.0,0.75,2,-5.0,M2,2.4469162959123323,M1,M1,0,5.0,-5.0,0.41666666666666663,0.0,0.0,poor_tracking_condition,requested_mode_matches_applied_mode
fis,restrictive,1,1285,21.416666666666668,21.416666666666668,2026-01-01T21:25:00Z,68.71439890679893,68.7022156709315,NORMAL,NORMAL,0.0,35.0,10.0,0.24208641975308645,0.0,0.0,0.0,0.75,2,-5.0,M2,2.445730149623986,M1,M1,0,5.0,-5.0,0.41666666666666663,0.0,0.0,poor_tracking_condition,requested_mode_matches_applied_mode
fis,restrictive,1,1290,21.5,21.5,2026-01-01T21:30:00Z,68.7022156709315,68.69003243506404,NORMAL,NORMAL,0.0,35.0,10.0,0.24208641975308645,0.0,0.0,0.0,0.75,2,-5.0,M2,2.444551832933877,M1,M1,0,5.0,-5.0,0.41666666666666663,0.0,0.0,poor_tracking_condition,requested_mode_matches_applied_mode
fis,restrictive,1,1295,21.583333333333332,21.583333333333332,2026-01-01T21:35:00Z,68.69003243506404,68.6778491991966,NORMAL,NORMAL,0.0,35.0,10.0,0.24208641975308645,0.0,0.0,0.0,0.75,2,-5.0,M2,2.4433727074415765,M1,M1,0,5.0,-5.0,0.41666666666666663,0.0,0.0,poor_tracking_condition,requested_mode_matches_applied_mode
fis,restrictive,1,1300,21.666666666666668,21.666666666666668,2026-01-01T21:40:00Z,68.6778491991966,68.66566596332915,NORMAL,NORMAL,0.0,35.0,10.0,0.24208641975308645,0.0,0.0,0.0,0.75,2,-5.0,M2,2.442192690560927,M1,M1,0,5.0,-5.0,0.41666666666666663,0.0,0.0,poor_tracking_condition,requested_mode_matches_applied_mode
fis,restrictive,1,1305,21.75,21.75,2026-01-01T21:45:00Z,68.66566596332915,68.65348272746171,NORMAL,NORMAL,0.0,35.0,10.0,0.24208641975308645,0.0,0.0,0.0,0.75,2,-5.0,M2,2.4410117812807806,M1,M1,0,5.0,-5.0,0.41666666666666663,0.0,0.0,poor_tracking_condition,requested_mode_matches_applied_mode
fis,restrictive,1,1310,21.833333333333332,21.833333333333332,2026-01-01T21:50:00Z,68.65348272746171,68.64129949159425,NORMAL,NORMAL,0.0,35.0,10.0,0.24208641975308645,0.0,0.0,0.0,0.75,2,-5.0,M2,2.4398299785883624,M1,M1,0,5.0,-5.0,0.41666666666666663,0.0,0.0,poor_tracking_condition,requested_mode_matches_applied_mode
fis,restrictive,1,1315,21.916666666666668,21.916666666666668,2026-01-01T21:55:00Z,68.64129949159425,68.62911625572681,NORMAL,NORMAL,0.0,35.0,10.0,0.24208641975308645,0.0,0.0,0.0,0.75,2,-5.0,M2,2.438645598642696,M1,M1,0,5.0,-5.0,0.41666666666666663,0.0,0.0,poor_tracking_condition,requested_mode_matches_applied_mode
fis,restrictive,1,1320,22.0,22.0,2026-01-01T22:00:00Z,68.62911625572681,68.61693301985936,NORMAL,NORMAL,0.0,35.0,10.0,0.24208641975308645,0.0,0.0,0.0,0.75,2,-5.0,M2,2.4374488381604005,M1,M1,0,5.0,-5.0,0.41666666666666663,0.0,0.0,poor_tracking_condition,requested_mode_matches_applied_mode
fis,restrictive,1,1325,22.083333333333332,22.083333333333332,2026-01-01T22:05:00Z,68.61693301985936,68.60474978399192,NORMAL,NORMAL,0.0,35.0,10.0,0.24208641975308645,0.0,0.0,0.0,0.75,2,-5.0,M2,2.4362511712450385,M1,M1,0,5.0,-5.0,0.41666666666666663,0.0,0.0,poor_tracking_condition,requested_mode_matches_applied_mode
fis,restrictive,1,1330,22.166666666666668,22.166666666666668,2026-01-01T22:10:00Z,68.60474978399192,68.59256654812448,NORMAL,NORMAL,0.0,35.0,10.0,0.24208641975308645,0.0,0.0,0.0,0.75,2,-5.0,M2,2.4350525968664325,M1,M1,0,5.0,-5.0,0.41666666666666663,0.0,0.0,poor_tracking_condition,requested_mode_matches_applied_mode
fis,restrictive,1,1335,22.25,22.25,2026-01-01T22:15:00Z,68.59256654812448,68.58038331225703,NORMAL,NORMAL,0.0,35.0,10.0,0.24208641975308645,0.0,0.0,0.0,0.75,2,-5.0,M2,2.433853113992865,M1,M1,0,5.0,-5.0,0.41666666666666663,0.0,0.0,poor_tracking_condition,requested_mode_matches_applied_mode
fis,restrictive,1,1340,22.333333333333332,22.333333333333332,2026-01-01T22:20:00Z,68.58038331225703,68.56820007638959,NORMAL,NORMAL,0.0,35.0,10.0,0.24208641975308645,0.0,0.0,0.0,0.75,2,-5.0,M2,2.432652721590941,M1,M1,0,5.0,-5.0,0.41666666666666663,0.0,0.0,poor_tracking_condition,requested_mode_matches_applied_mode
fis,restrictive,1,1345,22.416666666666668,22.416666666666668,2026-01-01T22:25:00Z,68.56820007638959,68.55601684052213,NORMAL,NORMAL,0.0,35.0,10.0,0.24208641975308645,0.0,0.0,0.0,0.75,2,-5.0,M2,2.4314514186258194,M1,M1,0,5.0,-5.0,0.41666666666666663,0.0,0.0,poor_tracking_condition,requested_mode_matches_applied_mode
fis,restrictive,1,1350,22.5,22.5,2026-01-01T22:30:00Z,68.55601684052213,68.5438336046547,NORMAL,NORMAL,0.0,35.0,10.0,0.24208641975308645,0.0,0.0,0.0,0.75,2,-5.0,M2,2.430249204061043,M1,M1,0,5.0,-5.0,0.41666666666666663,0.0,0.0,poor_tracking_condition,requested_mode_matches_applied_mode
fis,restrictive,1,1355,22.583333333333332,22.583333333333332,2026-01-01T22:35:00Z,68.5438336046547,68.53165036878724,NORMAL,NORMAL,0.0,35.0,10.0,0.24208641975308645,0.0,0.0,0.0,0.75,2,-5.0,M2,2.429046076858544,M1,M1,0,5.0,-5.0,0.41666666666666663,0.0,0.0,poor_tracking_condition,requested_mode_matches_applied_mode
fis,restrictive,1,1360,22.666666666666668,22.666666666666668,2026-01-01T22:40:00Z,68.53165036878724,68.5194671329198,NORMAL,NORMAL,0.0,35.0,10.0,0.24208641975308645,0.0,0.0,0.0,0.75,2,-5.0,M2,2.427842035978718,M1,M1,0,5.0,-5.0,0.41666666666666663,0.0,0.0,poor_tracking_condition,requested_mode_matches_applied_mode
fis,restrictive,1,1365,22.75,22.75,2026-01-01T22:45:00Z,68.5194671329198,68.50728389705236,NORMAL,NORMAL,0.0,35.0,10.0,0.24208641975308645,0.0,0.0,0.0,0.75,2,-5.0,M2,2.4266370803804236,M1,M1,0,5.0,-5.0,0.41666666666666663,0.0,0.0,poor_tracking_condition,requested_mode_matches_applied_mode
fis,restrictive,1,1370,22.833333333333332,22.833333333333332,2026-01-01T22:50:00Z,68.50728389705236,68.4951006611849,NORMAL,NORMAL,0.0,35.0,10.0,0.24208641975308645,0.0,0.0,0.0,0.75,2,-5.0,M2,2.42543120902082,M1,M1,0,5.0,-5.0,0.41666666666666663,0.0,0.0,poor_tracking_condition,requested_mode_matches_applied_mode
fis,restrictive,1,1375,22.916666666666668,22.916666666666668,2026-01-01T22:55:00Z,68.4951006611849,68.48291742531747,NORMAL,NORMAL,0.0,35.0,10.0,0.24208641975308645,0.0,0.0,0.0,0.75,2,-5.0,M2,2.424224420855565,M1,M1,0,5.0,-5.0,0.41666666666666663,0.0,0.0,poor_tracking_condition,requested_mode_matches_applied_mode
fis,restrictive,1,1380,23.0,23.0,2026-01-01T23:00:00Z,68.48291742531747,68.47073418945001,NORMAL,NORMAL,0.0,35.0,10.0,0.24208641975308645,0.0,0.0,0.0,0.35,1,-5.0,M2,1.90037151359503,M1,M1,0,5.0,-5.0,0.41666666666666663,0.0,0.0,poor_tracking_condition,requested_mode_matches_applied_mode
fis,restrictive,1,1385,23.083333333333332,23.083333333333332,2026-01-01T23:05:00Z,68.47073418945001,68.45855095358256,NORMAL,NORMAL,0.0,35.0,10.0,0.24208641975308645,0.0,0.0,0.0,0.35,1,-5.0,M2,1.8988967301052795,M1,M1,0,5.0,-5.0,0.41666666666666663,0.0,0.0,poor_tracking_condition,requested_mode_matches_applied_mode
fis,restrictive,1,1390,23.166666666666668,23.166666666666668,2026-01-01T23:10:00Z,68.45855095358256,68.44636771771512,NORMAL,NORMAL,0.0,35.0,10.0,0.24208641975308645,0.0,0.0,0.0,0.35,1,-5.0,M2,1.8974230304207806,M1,M1,0,5.0,-5.0,0.41666666666666663,0.0,0.0,poor_tracking_condition,requested_mode_matches_applied_mode
fis,restrictive,1,1395,23.25,23.25,2026-01-01T23:15:00Z,68.44636771771512,68.43418448184767,NORMAL,NORMAL,0.0,35.0,10.0,0.24208641975308645,0.0,0.0,0.0,0.35,1,-5.0,M2,1.8959504133472613,M1,M1,0,5.0,-5.0,0.41666666666666663,0.0,0.0,poor_tracking_condition,requested_mode_matches_applied_mode
fis,restrictive,1,1400,23.333333333333332,23.333333333333332,2026-01-01T23:20:00Z,68.43418448184767,68.42200124598023,NORMAL,NORMAL,0.0,35.0,10.0,0.24208641975308645,0.0,0.0,0.0,0.35,1,-5.0,M2,1.8944788776921975,M1,M1,0,5.0,-5.0,0.41666666666666663,0.0,0.0,poor_tracking_condition,requested_mode_matches_applied_mode
fis,restrictive,1,1405,23.416666666666668,23.416666666666668,2026-01-01T23:25:00Z,68.42200124598023,68.40981801011279,NORMAL,NORMAL,0.0,35.0,10.0,0.24208641975308645,0.0,0.0,0.0,0.35,1,-5.0,M2,1.893009256062642,M1,M1,0,5.0,-5.0,0.41666666666666663,0.0,0.0,poor_tracking_condition,requested_mode_matches_applied_mode
fis,restrictive,1,1410,23.5,23.5,2026-01-01T23:30:00Z,68.40981801011279,68.39763477424533,NORMAL,NORMAL,0.0,35.0,10.0,0.24208641975308645,0.0,0.0,0.0,0.35,1,-5.0,M2,1.8915413664113425,M1,M1,0,5.0,-5.0,0.41666666666666663,0.0,0.0,poor_tracking_condition,requested_mode_matches_applied_mode
fis,restrictive,1,1415,23.583333333333332,23.583333333333332,2026-01-01T23:35:00Z,68.39763477424533,68.3854515383779,NORMAL,NORMAL,0.0,35.0,10.0,0.24208641975308645,0.0,0.0,0.0,0.35,1,-5.0,M2,1.8900744775799583,M1,M1,0,5.0,-5.0,0.41666666666666663,0.0,0.0,poor_tracking_condition,requested_mode_matches_applied_mode
fis,restrictive,1,1420,23.666666666666668,23.666666666666668,2026-01-01T23:40:00Z,68.3854515383779,68.37326830251044,NORMAL,NORMAL,0.0,35.0,10.0,0.24208641975308645,0.0,0.0,0.0,0.35,1,-5.0,M2,1.8886085885453165,M1,M1,0,5.0,-5.0,0.41666666666666663,0.0,0.0,poor_tracking_condition,requested_mode_matches_applied_mode
fis,restrictive,1,1425,23.75,23.75,2026-01-01T23:45:00Z,68.37326830251044,68.361085066643,NORMAL,NORMAL,0.0,35.0,10.0,0.24208641975308645,0.0,0.0,0.0,0.35,1,-5.0,M2,1.8871436982855865,M1,M1,0,5.0,-5.0,0.41666666666666663,0.0,0.0,poor_tracking_condition,requested_mode_matches_applied_mode
fis,restrictive,1,1430,23.833333333333332,23.833333333333332,2026-01-01T23:50:00Z,68.361085066643,68.34890183077555,NORMAL,NORMAL,0.0,35.0,10.0,0.24208641975308645,0.0,0.0,0.0,0.35,1,-5.0,M2,1.885679805780359,M1,M1,0,5.0,-5.0,0.41666666666666663,0.0,0.0,poor_tracking_condition,requested_mode_matches_applied_mode
fis,restrictive,1,1435,23.916666666666668,23.916666666666668,2026-01-01T23:55:00Z,68.34890183077555,68.3367185949081,NORMAL,NORMAL,0.0,35.0,10.0,0.24208641975308645,0.0,0.0,0.0,0.35,1,-5.0,M2,1.8842169100106332,M1,M1,0,5.0,-5.0,0.41666666666666663,0.0,0.0,poor_tracking_condition,requested_mode_matches_applied_mode
